# This file uses centimeters as units for non-parametric coordinates.

mtllib TextureOne.mtl
g default
v 0.330682 0.655392 2.968726
v 0.435014 0.654492 2.955593
v 0.235050 0.643007 3.010674
v 0.157478 0.618533 3.077322
v 0.105561 0.584386 3.162157
v 0.084380 0.543906 3.256874
v 0.096008 0.501038 3.352192
v 0.139308 0.459995 3.438789
v 0.210028 0.424775 3.508196
v 0.301274 0.398847 3.553600
v 0.404099 0.384747 3.570568
v 0.508446 0.383832 3.557463
v 0.604093 0.396218 3.515509
v 0.681676 0.420685 3.448845
v 0.733601 0.454838 3.363997
v 0.754786 0.495335 3.269270
v 0.743155 0.538209 3.173937
v 0.699821 0.579256 3.087345
v 0.629085 0.614461 3.017943
v 0.537839 0.640394 2.972541
v 0.334636 0.719532 2.995226
v 0.439578 0.718625 2.982016
v 0.238444 0.707072 3.037416
v 0.160419 0.682465 3.104460
v 0.108199 0.648117 3.189791
v 0.086893 0.607391 3.285057
v 0.098590 0.564275 3.380934
v 0.142144 0.522991 3.468036
v 0.213290 0.487592 3.537844
v 0.305065 0.461521 3.583515
v 0.408485 0.447339 3.600581
v 0.513427 0.446433 3.587371
v 0.609618 0.458889 3.545178
v 0.687665 0.483540 3.478170
v 0.739889 0.517890 3.392834
v 0.761172 0.558621 3.297561
v 0.749472 0.601689 3.201663
v 0.705920 0.642973 3.114560
v 0.634774 0.678383 3.044757
v 0.542999 0.704454 2.999087
v 0.342247 0.779262 3.033822
v 0.443678 0.778401 3.021060
v 0.249274 0.767222 3.074603
v 0.173856 0.743440 3.139401
v 0.123382 0.710241 3.221878
v 0.102794 0.670877 3.313958
v 0.114099 0.629200 3.406626
v 0.156195 0.589312 3.490820
v 0.224966 0.555104 3.558290
v 0.313679 0.529905 3.602398
v 0.413630 0.516247 3.618902
v 0.515048 0.515386 3.606143
v 0.608007 0.527431 3.565371
v 0.683403 0.551213 3.500575
v 0.733868 0.584406 3.418114
v 0.754466 0.623762 3.326051
v 0.743162 0.665426 3.233394
v 0.701072 0.705309 3.149212
v 0.632319 0.739487 3.081728
v 0.543637 0.764706 3.037569
v 0.353803 0.826407 3.084464
v 0.446522 0.825622 3.072787
v 0.268817 0.815387 3.121735
v 0.199866 0.793653 3.180957
v 0.153726 0.763305 3.256352
v 0.134921 0.727319 3.340526
v 0.145257 0.689237 3.425239
v 0.183736 0.652774 3.502199
v 0.246614 0.621506 3.563852
v 0.327699 0.598488 3.604176
v 0.419054 0.585974 3.619257
v 0.511745 0.585199 3.607565
v 0.596706 0.596215 3.570306
v 0.665619 0.617933 3.511084
v 0.711742 0.648271 3.435716
v 0.730561 0.684257 3.351581
v 0.720230 0.722327 3.266893
v 0.681801 0.758805 3.189939
v 0.618941 0.790050 3.128273
v 0.537883 0.813085 3.087906
v 0.368057 0.856401 3.142055
v 0.447742 0.855711 3.132023
v 0.295015 0.846968 3.174097
v 0.235774 0.828283 3.225011
v 0.196122 0.802202 3.289804
v 0.179936 0.771276 3.362140
v 0.188823 0.738512 3.434931
v 0.221893 0.707160 3.501068
v 0.275928 0.680274 3.554053
v 0.345596 0.660437 3.588744
v 0.424130 0.649679 3.601664
v 0.503808 0.648967 3.591638
v 0.576856 0.658419 3.559620
v 0.636080 0.677111 3.508693
v 0.675722 0.703190 3.443903
v 0.691935 0.734110 3.371576
v 0.683031 0.766845 3.298777
v 0.649953 0.798211 3.232659
v 0.595963 0.825114 3.179636
v 0.526261 0.844904 3.144986
v 0.383183 0.869189 3.199922
v 0.447478 0.868634 3.191822
v 0.324241 0.861583 3.225764
v 0.276433 0.846508 3.266844
v 0.244436 0.825463 3.319129
v 0.231383 0.800507 3.377499
v 0.238568 0.774071 3.436231
v 0.265251 0.748773 3.489594
v 0.308833 0.727062 3.532359
v 0.365057 0.711078 3.560349
v 0.428424 0.702367 3.570804
v 0.492732 0.701801 3.562727
v 0.551683 0.709407 3.536869
v 0.599500 0.724489 3.495783
v 0.631502 0.745538 3.443489
v 0.644559 0.770497 3.385107
v 0.637393 0.796943 3.326360
v 0.610676 0.822241 3.272998
v 0.567078 0.843955 3.230239
v 0.510841 0.859930 3.202270
v 0.397971 0.868811 3.254308
v 0.446159 0.868389 3.248237
v 0.353801 0.863087 3.273681
v 0.317973 0.851788 3.304466
v 0.293994 0.836016 3.343649
v 0.284210 0.817315 3.387394
v 0.289582 0.797519 3.431420
v 0.309578 0.778561 3.471418
v 0.342248 0.762294 3.503468
v 0.384387 0.750295 3.524434
v 0.431878 0.743775 3.532268
v 0.480069 0.743330 3.526195
v 0.524243 0.749054 3.506821
v 0.560075 0.760354 3.476032
v 0.584056 0.776127 3.436846
v 0.593840 0.794830 3.393096
v 0.588468 0.814630 3.349067
v 0.568462 0.833583 3.309068
v 0.535793 0.849877 3.277027
v 0.493648 0.861864 3.256068
v 0.412013 0.861036 3.304735
v 0.444283 0.860755 3.300672
v 0.382434 0.857215 3.317712
v 0.358441 0.849638 3.338323
v 0.342383 0.839076 3.364563
v 0.335832 0.826563 3.393862
v 0.339429 0.813294 3.423340
v 0.352822 0.800607 3.450127
v 0.374699 0.789703 3.471585
v 0.402918 0.781661 3.485617
v 0.434719 0.777299 3.490865
v 0.466984 0.776991 3.486778
v 0.496560 0.780821 3.473805
v 0.520550 0.788387 3.453192
v 0.536606 0.798948 3.426955
v 0.543155 0.811459 3.397659
v 0.539560 0.824727 3.368186
v 0.526180 0.837456 3.341413
v 0.504303 0.848346 3.319949
v 0.476083 0.856378 3.305913
v 0.425777 0.849364 3.353445
v 0.442120 0.849206 3.351387
v 0.410797 0.847434 3.360021
v 0.398646 0.843608 3.370465
v 0.390513 0.838258 3.383754
v 0.387194 0.831910 3.398589
v 0.389015 0.825184 3.413516
v 0.395798 0.818740 3.427075
v 0.406881 0.813220 3.437939
v 0.421171 0.809132 3.445039
v 0.437275 0.806908 3.447690
v 0.453614 0.806754 3.445621
v 0.468591 0.808680 3.439045
v 0.480741 0.812526 3.428612
v 0.488872 0.817874 3.415326
v 0.492188 0.824201 3.400486
v 0.490368 0.830928 3.385563
v 0.483593 0.837368 3.372002
v 0.472515 0.842903 3.361141
v 0.458224 0.846981 3.354037
v 0.439412 0.828896 3.399714
v 0.424863 0.558112 3.116976
v 0.430136 0.592531 2.965486
v 0.430658 0.597041 2.955042
v 0.431396 0.603429 2.940919
v 0.329340 0.604322 2.953780
v 0.333421 0.597889 2.967296
v 0.336434 0.593345 2.977293
v 0.378536 0.558515 3.122813
v 0.235793 0.592209 2.994812
v 0.244291 0.586346 3.006391
v 0.250545 0.582220 3.014966
v 0.336072 0.553013 3.141437
v 0.159912 0.568280 3.060012
v 0.171994 0.563546 3.068511
v 0.180875 0.560248 3.074827
v 0.301626 0.542148 3.171031
v 0.109127 0.534877 3.142998
v 0.123606 0.531720 3.147578
v 0.134247 0.529579 3.151019
v 0.278573 0.526985 3.208701
v 0.088408 0.495268 3.235644
v 0.103866 0.493982 3.235849
v 0.115224 0.493214 3.236082
v 0.269168 0.509006 3.250757
v 0.099784 0.453334 3.328883
v 0.114704 0.454030 3.324687
v 0.125669 0.454717 3.321692
v 0.274333 0.489976 3.293084
v 0.142132 0.413170 3.413589
v 0.155052 0.415764 3.405395
v 0.164550 0.417845 3.399467
v 0.293556 0.471747 3.331536
v 0.211321 0.378711 3.481467
v 0.220975 0.382936 3.470068
v 0.228076 0.386214 3.461791
v 0.324965 0.456111 3.362350
v 0.300575 0.353344 3.525876
v 0.306014 0.358770 3.512383
v 0.310025 0.362932 3.502568
v 0.365481 0.444609 3.382512
v 0.401152 0.339521 3.542491
v 0.401843 0.345600 3.528216
v 0.402369 0.350242 3.517828
v 0.411135 0.438332 3.390054
v 0.503220 0.338625 3.529640
v 0.499092 0.344751 3.515973
v 0.496084 0.349429 3.506032
v 0.457467 0.437935 3.384223
v 0.596777 0.350735 3.488599
v 0.588233 0.356291 3.476871
v 0.581983 0.360553 3.468351
v 0.499934 0.443437 3.365595
v 0.672680 0.374657 3.423399
v 0.660553 0.379084 3.414750
v 0.651676 0.382515 3.408490
v 0.534388 0.454290 3.335998
v 0.723475 0.408066 3.340400
v 0.708950 0.410916 3.335668
v 0.698313 0.413191 3.332283
v 0.557445 0.469455 3.298322
v 0.744198 0.447686 3.247739
v 0.728695 0.448663 3.247381
v 0.717340 0.449565 3.247205
v 0.566851 0.487439 3.256262
v 0.732804 0.489632 3.154490
v 0.717838 0.488628 3.158535
v 0.706875 0.488076 3.161588
v 0.561679 0.506481 3.213935
v 0.690441 0.529798 3.069780
v 0.677475 0.526895 3.077821
v 0.667981 0.524946 3.083806
v 0.542451 0.524704 3.175478
v 0.621246 0.564258 3.001895
v 0.611546 0.559725 3.013140
v 0.604449 0.556578 3.021475
v 0.511041 0.540341 3.144661
v 0.531974 0.589617 2.957506
v 0.526487 0.583884 2.970848
v 0.522482 0.579857 2.980721
v 0.470518 0.551848 3.124510
vt 0.772222 0.680086
vt 0.754590 0.682273
vt 0.755164 0.674480
vt 0.770490 0.672469
vt 0.737331 0.679024
vt 0.740066 0.671757
vt 0.721956 0.670801
vt 0.726483 0.664702
vt 0.709440 0.658692
vt 0.715604 0.653959
vt 0.701094 0.643308
vt 0.708391 0.640480
vt 0.697789 0.625955
vt 0.705597 0.625368
vt 0.699971 0.608249
vt 0.707587 0.610008
vt 0.707559 0.591912
vt 0.714268 0.595884
vt 0.719930 0.578581
vt 0.725077 0.584404
vt 0.735972 0.569641
vt 0.739034 0.576754
vt 0.754181 0.566080
vt 0.754821 0.573772
vt 0.772798 0.568390
vt 0.770893 0.575865
vt 0.789942 0.576502
vt 0.785581 0.582945
vt 0.803695 0.589725
vt 0.797189 0.594395
vt 0.812010 0.606883
vt 0.804503 0.608954
vt 0.814411 0.625655
vt 0.806708 0.625069
vt 0.810857 0.644001
vt 0.803753 0.640937
vt 0.801887 0.660119
vt 0.796092 0.654950
vt 0.788536 0.672508
vt 0.784602 0.665782
vt 0.755618 0.666788
vt 0.768672 0.664983
vt 0.742687 0.664555
vt 0.730988 0.658616
vt 0.721729 0.649340
vt 0.715626 0.637773
vt 0.713315 0.624875
vt 0.715088 0.611821
vt 0.720844 0.599863
vt 0.730086 0.590184
vt 0.741967 0.583783
vt 0.755349 0.581346
vt 0.768907 0.583196
vt 0.781222 0.589231
vt 0.790881 0.598928
vt 0.797147 0.611083
vt 0.799108 0.624621
vt 0.796711 0.638034
vt 0.790313 0.649949
vt 0.780630 0.659211
vt 0.755949 0.659392
vt 0.766803 0.657822
vt 0.745149 0.657600
vt 0.735351 0.652699
vt 0.727649 0.644925
vt 0.722609 0.635245
vt 0.720743 0.624499
vt 0.722276 0.613665
vt 0.727111 0.603777
vt 0.734819 0.595809
vt 0.744681 0.590572
vt 0.755746 0.588625
vt 0.766906 0.590217
vt 0.777000 0.595232
vt 0.784892 0.603238
vt 0.790105 0.613190
vt 0.791796 0.624303
vt 0.789894 0.635368
vt 0.784669 0.645244
vt 0.776699 0.652967
vt 0.756162 0.652447
vt 0.764928 0.651132
vt 0.747414 0.651039
vt 0.739468 0.647096
vt 0.733232 0.640797
vt 0.729190 0.632937
vt 0.727720 0.624242
vt 0.728999 0.615505
vt 0.732936 0.607555
vt 0.739171 0.601169
vt 0.747125 0.596999
vt 0.756014 0.595478
vt 0.764944 0.596806
vt 0.773005 0.600847
vt 0.779301 0.607269
vt 0.783511 0.615216
vt 0.784911 0.624102
vt 0.783432 0.632976
vt 0.779278 0.640931
vt 0.772892 0.647178
vt 0.756225 0.646086
vt 0.763056 0.645050
vt 0.749407 0.644995
vt 0.743260 0.641891
vt 0.738419 0.637011
vt 0.735249 0.630918
vt 0.734109 0.624143
vt 0.735115 0.617339
vt 0.738186 0.611156
vt 0.743043 0.606201
vt 0.749225 0.602969
vt 0.756129 0.601793
vt 0.763076 0.602796
vt 0.769314 0.605989
vt 0.774258 0.610953
vt 0.777470 0.617160
vt 0.778557 0.624049
vt 0.777421 0.630927
vt 0.774206 0.637100
vt 0.769252 0.641962
vt 0.756269 0.640243
vt 0.761304 0.639470
vt 0.751247 0.639440
vt 0.746726 0.637142
vt 0.743148 0.633556
vt 0.740812 0.629064
vt 0.739977 0.624070
vt 0.740726 0.619056
vt 0.742998 0.614506
vt 0.746580 0.610865
vt 0.751130 0.608497
vt 0.756204 0.607642
vt 0.761299 0.608398
vt 0.765898 0.610714
vt 0.769538 0.614366
vt 0.771882 0.618943
vt 0.772681 0.624008
vt 0.771857 0.629061
vt 0.769503 0.633602
vt 0.765864 0.637186
vt 0.756290 0.634769
vt 0.759632 0.634250
vt 0.752956 0.634238
vt 0.749951 0.632711
vt 0.747566 0.630333
vt 0.746019 0.627344
vt 0.745469 0.624025
vt 0.745974 0.620695
vt 0.747489 0.617677
vt 0.749870 0.615267
vt 0.752888 0.613704
vt 0.756249 0.613147
vt 0.759621 0.613654
vt 0.762669 0.615182
vt 0.765080 0.617594
vt 0.766627 0.620628
vt 0.767157 0.623984
vt 0.766616 0.627333
vt 0.765064 0.630346
vt 0.762655 0.632728
vt 0.756289 0.629409
vt 0.757968 0.629145
vt 0.754611 0.629143
vt 0.753098 0.628375
vt 0.751897 0.627180
vt 0.751120 0.625675
vt 0.750846 0.624004
vt 0.751103 0.622329
vt 0.751869 0.620813
vt 0.753067 0.619605
vt 0.754584 0.618824
vt 0.756270 0.618548
vt 0.757960 0.618804
vt 0.759488 0.619570
vt 0.760697 0.620777
vt 0.761472 0.622298
vt 0.761738 0.623981
vt 0.761469 0.625663
vt 0.760692 0.627177
vt 0.759486 0.628376
vt 0.756273 0.623996
vt 0.773576 0.686344
vt 0.621077 0.587728
vt 0.614030 0.597435
vt 0.754033 0.688650
vt 0.622057 0.588707
vt 0.615264 0.598063
vt 0.635387 0.602045
vt 0.632063 0.606630
vt 0.734996 0.684959
vt 0.718253 0.675785
vt 0.704437 0.662646
vt 0.695152 0.645697
vt 0.691406 0.626491
vt 0.693725 0.606844
vt 0.702041 0.588676
vt 0.715678 0.573811
vt 0.733413 0.563793
vt 0.753590 0.559731
vt 0.774272 0.562194
vt 0.793411 0.571142
vt 0.809085 0.585855
vt 0.818199 0.605311
vt 0.820756 0.626244
vt 0.816684 0.646595
vt 0.806614 0.664413
vt 0.791716 0.678058
vt 0.630318 0.612017
vt 0.630323 0.617680
vt 0.632078 0.623064
vt 0.635411 0.627643
vt 0.639995 0.630967
vt 0.645383 0.632712
vt 0.651046 0.632707
vt 0.656430 0.630951
vt 0.661010 0.627620
vt 0.664334 0.623035
vt 0.666079 0.617647
vt 0.666075 0.611983
vt 0.664320 0.606598
vt 0.660986 0.602019
vt 0.656400 0.598695
vt 0.651012 0.596950
vt 0.645349 0.596955
vt 0.639965 0.598712
vt 0.611693 0.609061
vt 0.610326 0.608844
vt 0.611696 0.620623
vt 0.610328 0.620840
vt 0.615271 0.631618
vt 0.614038 0.632247
vt 0.622070 0.640971
vt 0.621091 0.641950
vt 0.631426 0.647765
vt 0.630797 0.648999
vt 0.642423 0.651336
vt 0.642207 0.652704
vt 0.653985 0.651333
vt 0.654203 0.652701
vt 0.664981 0.647757
vt 0.665610 0.648991
vt 0.674336 0.640961
vt 0.675316 0.641941
vt 0.681131 0.631605
vt 0.682366 0.632233
vt 0.684702 0.620606
vt 0.686070 0.620822
vt 0.684702 0.609042
vt 0.686070 0.608825
vt 0.681125 0.598044
vt 0.682360 0.597415
vt 0.674326 0.588690
vt 0.675305 0.587710
vt 0.664967 0.581897
vt 0.665596 0.580662
vt 0.653968 0.578326
vt 0.654185 0.576958
vt 0.642405 0.578329
vt 0.642188 0.576961
vt 0.631409 0.581908
vt 0.630781 0.580674
vt 0.629925 0.578991
vt 0.641894 0.575096
vt 0.654481 0.575093
vt 0.666454 0.578979
vt 0.676642 0.586374
vt 0.684044 0.596557
vt 0.687937 0.608528
vt 0.687937 0.621117
vt 0.684050 0.633089
vt 0.676653 0.643275
vt 0.666470 0.650673
vt 0.654500 0.654566
vt 0.641913 0.654568
vt 0.629942 0.650681
vt 0.619758 0.643285
vt 0.612357 0.633104
vt 0.608465 0.621135
vt 0.608462 0.608549
vt 0.612349 0.596577
vt 0.619744 0.586392
vt 0.793411 0.571142
vt 0.789942 0.576502
vt 0.759488 0.619570
vt 0.762669 0.615182
vt 0.765898 0.610714
vt 0.769314 0.605989
vt 0.773005 0.600847
vt 0.777000 0.595232
vt 0.781222 0.589231
vt 0.785581 0.582945
vt 0.666075 0.611983
vt 0.684702 0.609042
vt 0.686070 0.608825
vt 0.687937 0.608528
vn 0.041382 0.333878 -0.941708
vn -0.268076 0.337785 -0.902240
vn -0.259693 0.466960 -0.845286
vn 0.049826 0.462730 -0.885098
vn -0.551789 0.301957 -0.777400
vn -0.543370 0.431363 -0.720191
vn -0.781951 0.229877 -0.579404
vn -0.773476 0.359396 -0.522083
vn -0.936009 0.128591 -0.327647
vn -0.927523 0.258122 -0.270324
vn -0.998873 0.008016 -0.046788
vn -0.990455 0.137442 0.010473
vn -0.964393 -0.120026 0.235669
vn -0.956113 0.009122 0.292858
vn -0.835975 -0.242961 0.492053
vn -0.827829 -0.114252 0.549223
vn -0.626164 -0.348823 0.697310
vn -0.618070 -0.220547 0.754552
vn -0.355521 -0.427189 0.831333
vn -0.347362 -0.299410 0.888647
vn -0.050647 -0.470350 0.881025
vn -0.042286 -0.343117 0.938340
vn 0.258801 -0.474202 0.841520
vn 0.267439 -0.347378 0.898780
vn 0.542460 -0.438360 0.716644
vn 0.551408 -0.311796 0.773778
vn 0.772517 -0.366298 0.518694
vn 0.781803 -0.239769 0.575583
vn 0.926548 -0.264986 0.267005
vn 0.936052 -0.138386 0.323506
vn 0.989423 -0.144411 -0.013728
vn 0.998945 -0.017567 0.042429
vn 0.954994 -0.016427 -0.296171
vn 0.964386 0.110774 -0.240187
vn 0.826643 0.106482 -0.552561
vn 0.835793 0.234122 -0.496626
vn 0.616955 0.212296 -0.757824
vn 0.625833 0.340364 -0.701773
vn 0.346331 0.290647 -0.891953
vn 0.354982 0.419140 -0.835649
vn -0.237654 0.641649 -0.729251
vn 0.060532 0.637780 -0.767836
vn -0.510706 0.607234 -0.608643
vn -0.732209 0.537834 -0.417858
vn -0.880551 0.440298 -0.175407
vn -0.941216 0.324178 0.094977
vn -0.908344 0.200693 0.366926
vn -0.785005 0.081903 0.614052
vn -0.583044 -0.020494 0.812182
vn -0.322329 -0.096526 0.941694
vn -0.028235 -0.138691 0.989933
vn 0.270561 -0.142878 0.952041
vn 0.544575 -0.108513 0.831663
vn 0.766950 -0.038922 0.640525
vn 0.915774 0.058933 0.397347
vn 0.976395 0.175403 0.126041
vn 0.942893 0.299087 -0.146630
vn 0.818609 0.417954 -0.393948
vn 0.615901 0.520259 -0.591604
vn 0.354736 0.596007 -0.720373
vn -0.197964 0.811422 -0.549914
vn 0.069626 0.808594 -0.584233
vn -0.442887 0.780083 -0.441952
vn -0.641588 0.717630 -0.270873
vn -0.774671 0.630108 -0.053368
vn -0.829102 0.526094 0.189248
vn -0.799588 0.415767 0.433355
vn -0.688890 0.309800 0.655327
vn -0.507719 0.218478 0.833360
vn -0.273859 0.150838 0.949868
vn -0.009922 0.113664 0.993470
vn 0.258179 0.110514 0.959755
vn 0.504157 0.141688 0.851910
vn 0.703762 0.204259 0.680439
vn 0.837228 0.292022 0.462355
vn 0.891596 0.396438 0.218844
vn 0.861475 0.507136 -0.025962
vn 0.749899 0.613261 -0.248118
vn 0.567909 0.704395 -0.425801
vn 0.333610 0.771711 -0.541449
vn -0.144685 0.932312 -0.331452
vn 0.074282 0.930418 -0.358893
vn -0.345328 0.906330 -0.243545
vn -0.508177 0.854995 -0.103632
vn -0.617137 0.783329 0.074418
vn -0.661583 0.698321 0.273231
vn -0.637102 0.608421 0.473207
vn -0.546193 0.522334 0.654859
vn -0.397822 0.448349 0.800451
vn -0.206417 0.393773 0.895732
vn 0.009374 0.364140 0.931297
vn 0.228211 0.362125 0.903762
vn 0.429008 0.388068 0.815693
vn 0.591862 0.439411 0.675735
vn 0.700726 0.511015 0.497842
vn 0.745212 0.596022 0.299026
vn 0.720762 0.686082 0.098959
vn 0.629841 0.772320 -0.082593
vn 0.481359 0.846270 -0.228299
vn 0.289991 0.900719 -0.323435
vn -0.086861 0.990173 -0.109601
vn 0.074194 0.988800 -0.129501
vn -0.234617 0.971044 -0.045041
vn -0.354666 0.933199 0.057890
vn -0.434889 0.880437 0.188951
vn -0.467514 0.817869 0.335442
vn -0.449370 0.751736 0.482658
vn -0.382262 0.688611 0.616191
vn -0.272845 0.634567 0.723105
vn -0.131926 0.594945 0.792866
vn 0.026549 0.573532 0.818753
vn 0.187073 0.572498 0.798279
vn 0.334125 0.591822 0.733558
vn 0.453344 0.629532 0.631006
vn 0.533138 0.682014 0.500621
vn 0.565801 0.744212 0.354990
vn 0.548132 0.810070 0.208179
vn 0.481791 0.873090 0.074775
vn 0.373103 0.927223 -0.032435
vn 0.232706 0.967082 -0.102957
vn -0.038029 0.996860 0.069448
vn 0.071214 0.995874 0.056238
vn -0.138307 0.983904 0.113158
vn -0.219735 0.958250 0.182958
vn -0.274145 0.922469 0.271836
vn -0.296268 0.880026 0.371187
vn -0.283909 0.835183 0.471025
vn -0.238206 0.792416 0.561547
vn -0.163698 0.755929 0.633856
vn -0.068153 0.729351 0.680736
vn 0.039111 0.715202 0.697822
vn 0.147483 0.714705 0.683700
vn 0.246444 0.727823 0.639952
vn 0.326761 0.753288 0.570775
vn 0.380567 0.788727 0.482781
vn 0.402617 0.830631 0.384645
vn 0.390841 0.875002 0.285684
vn 0.346462 0.917477 0.195449
vn 0.273389 0.954041 0.122737
vn 0.178557 0.981094 0.074652
vn -0.006570 0.983517 0.180697
vn 0.068256 0.982747 0.171902
vn -0.075420 0.974695 0.210434
vn -0.131338 0.957133 0.258159
vn -0.168580 0.932645 0.318988
vn -0.183598 0.903564 0.387123
vn -0.174891 0.872894 0.455487
vn -0.143338 0.843702 0.517322
vn -0.092078 0.818728 0.566750
vn -0.026830 0.800612 0.598582
vn 0.046486 0.791028 0.610011
vn 0.120392 0.790686 0.600268
vn 0.187460 0.799678 0.570416
vn 0.242173 0.817067 0.523215
vn 0.278901 0.841278 0.463104
vn 0.293990 0.869794 0.396268
vn 0.286266 0.899876 0.329052
vn 0.256205 0.928908 0.267374
vn 0.206350 0.953984 0.217563
vn 0.141663 0.972537 0.184673
vn 0.018414 0.963730 0.266244
vn 0.065455 0.963159 0.260846
vn -0.024995 0.958226 0.284918
vn -0.060363 0.947196 0.314923
vn -0.083799 0.931788 0.353199
vn -0.093129 0.913429 0.396201
vn -0.087533 0.894108 0.439215
vn -0.067623 0.875794 0.477925
vn -0.035189 0.860042 0.509008
vn 0.005826 0.848624 0.528965
vn 0.051820 0.842648 0.535966
vn 0.098295 0.842396 0.529818
vn 0.140084 0.847932 0.511261
vn 0.174350 0.858842 0.481655
vn 0.197704 0.874194 0.443507
vn 0.207250 0.892039 0.401639
vn 0.202263 0.910813 0.359874
vn 0.183260 0.929126 0.321154
vn 0.152061 0.944950 0.289736
vn 0.111592 0.956664 0.268963
vn 0.059607 0.912863 0.403891
vn 0.021233 0.043588 -0.998824
vn -0.058311 -0.908432 -0.413947
vn -0.061873 -0.908328 -0.413657
vn -0.268043 0.046904 -0.962265
vn -0.059085 -0.915415 -0.398152
vn -0.059085 -0.915415 -0.398152
vn -0.057318 -0.915309 -0.398652
vn -0.057319 -0.915309 -0.398652
vn -0.066385 -0.972496 -0.223258
vn -0.066388 -0.972496 -0.223258
vn -0.007683 -0.973002 -0.230670
vn -0.007680 -0.973002 -0.230671
vn -0.533319 0.013132 -0.845812
vn -0.748561 -0.054406 -0.660830
vn -0.892618 -0.149118 -0.425438
vn -0.951323 -0.261703 -0.162774
vn -0.918961 -0.381093 0.101382
vn -0.798761 -0.495602 0.341115
vn -0.602489 -0.594126 0.532937
vn -0.349522 -0.666785 0.658204
vn -0.064687 -0.706521 0.704729
vn 0.224334 -0.709775 0.667753
vn 0.489141 -0.675998 0.551152
vn 0.703954 -0.608392 0.366481
vn 0.847779 -0.513782 0.131522
vn 0.906508 -0.401436 -0.130735
vn 0.874427 -0.282209 -0.394632
vn 0.754763 -0.167638 -0.634216
vn 0.558987 -0.069144 -0.826289
vn 0.306154 0.003521 -0.951975
vn 0.046118 -0.966030 -0.254282
vn 0.046121 -0.966029 -0.254284
vn -0.065211 -0.908712 -0.412299
vn -0.055836 -0.915027 -0.399510
vn -0.055836 -0.915027 -0.399510
vn 0.089718 -0.952272 -0.291767
vn 0.089719 -0.952272 -0.291769
vn -0.067963 -0.909552 -0.409997
vn -0.054708 -0.914607 -0.400626
vn -0.054709 -0.914607 -0.400626
vn 0.118904 -0.933070 -0.339472
vn 0.118904 -0.933070 -0.339472
vn -0.069779 -0.910748 -0.407024
vn -0.053913 -0.914077 -0.401942
vn -0.053913 -0.914077 -0.401942
vn 0.130825 -0.910312 -0.392705
vn 0.130824 -0.910313 -0.392702
vn -0.070471 -0.912177 -0.403691
vn -0.053486 -0.913464 -0.403389
vn -0.053486 -0.913464 -0.403389
vn 0.124294 -0.886201 -0.446317
vn 0.124295 -0.886202 -0.446315
vn -0.069971 -0.913662 -0.400407
vn -0.053484 -0.912772 -0.404954
vn -0.053484 -0.912772 -0.404954
vn 0.099945 -0.863091 -0.495061
vn 0.099946 -0.863092 -0.495059
vn -0.068357 -0.915036 -0.397539
vn -0.053959 -0.912029 -0.406560
vn -0.053959 -0.912029 -0.406560
vn 0.060236 -0.843289 -0.534075
vn 0.060241 -0.843291 -0.534071
vn -0.065787 -0.916186 -0.395318
vn -0.054890 -0.911313 -0.408039
vn -0.054890 -0.911313 -0.408039
vn 0.008904 -0.828695 -0.559630
vn 0.008904 -0.828695 -0.559630
vn -0.062665 -0.916986 -0.393967
vn -0.056445 -0.910698 -0.409198
vn -0.056445 -0.910698 -0.409198
vn -0.048969 -0.820732 -0.569211
vn -0.048970 -0.820732 -0.569211
vn -0.059321 -0.917367 -0.393597
vn -0.058479 -0.910290 -0.409820
vn -0.058480 -0.910290 -0.409820
vn -0.107655 -0.820218 -0.561831
vn -0.107650 -0.820217 -0.561832
vn -0.056016 -0.917313 -0.394206
vn -0.060704 -0.910135 -0.409841
vn -0.060704 -0.910135 -0.409841
vn -0.161522 -0.827186 -0.538214
vn -0.161523 -0.827186 -0.538213
vn -0.053095 -0.916867 -0.395647
vn -0.062917 -0.910313 -0.409110
vn -0.062917 -0.910314 -0.409110
vn -0.205168 -0.840953 -0.500704
vn -0.205170 -0.840954 -0.500702
vn -0.050717 -0.916091 -0.397751
vn -0.064678 -0.910843 -0.407654
vn -0.064678 -0.910843 -0.407654
vn -0.234352 -0.860156 -0.453001
vn -0.234352 -0.860156 -0.453001
vn -0.049070 -0.915030 -0.400391
vn -0.065789 -0.911606 -0.405768
vn -0.065789 -0.911605 -0.405768
vn -0.246275 -0.882935 -0.399718
vn -0.246275 -0.882934 -0.399720
vn -0.048342 -0.913775 -0.403334
vn -0.066174 -0.912512 -0.403663
vn -0.066174 -0.912512 -0.403663
vn -0.239721 -0.907077 -0.346042
vn -0.239721 -0.907077 -0.346043
vn -0.048570 -0.912431 -0.406338
vn -0.065726 -0.913455 -0.401598
vn -0.065726 -0.913455 -0.401598
vn -0.215343 -0.930176 -0.297320
vn -0.215340 -0.930178 -0.297316
vn -0.049755 -0.911089 -0.409196
vn -0.064498 -0.914273 -0.399931
vn -0.064499 -0.914273 -0.399931
vn -0.175504 -0.949990 -0.258296
vn -0.175505 -0.949990 -0.258296
vn -0.051876 -0.909898 -0.411576
vn -0.062799 -0.914895 -0.398776
vn -0.062800 -0.914895 -0.398776
vn -0.124173 -0.964574 -0.232763
vn -0.124172 -0.964574 -0.232763
vn -0.054833 -0.908985 -0.413206
vn -0.060948 -0.915292 -0.398153
vn -0.060948 -0.915292 -0.398153
s 1
g pSphere3 Mushroom01 Mushrooms02 Mushrooms FinalObjects
usemtl lambert2SG
f 2/1/1 1/2/2 21/3/3 22/4/4
f 1/2/2 3/5/5 23/6/6 21/3/3
f 3/5/5 4/7/7 24/8/8 23/6/6
f 4/7/7 5/9/9 25/10/10 24/8/8
f 5/9/9 6/11/11 26/12/12 25/10/10
f 6/11/11 7/13/13 27/14/14 26/12/12
f 7/13/13 8/15/15 28/16/16 27/14/14
f 8/15/15 9/17/17 29/18/18 28/16/16
f 9/17/17 10/19/19 30/20/20 29/18/18
f 10/19/19 11/21/21 31/22/22 30/20/20
f 11/21/21 12/23/23 32/24/24 31/22/22
f 12/23/23 13/25/25 33/26/26 32/24/24
f 13/25/25 14/27/27 34/291/28 33/26/26
f 14/283/27 15/29/29 35/30/30 34/28/28
f 15/29/29 16/31/31 36/32/32 35/30/30
f 16/31/31 17/33/33 37/34/34 36/32/32
f 17/33/33 18/35/35 38/36/36 37/34/34
f 18/35/35 19/37/37 39/38/38 38/36/36
f 19/37/37 20/39/39 40/40/40 39/38/38
f 20/39/39 2/1/1 22/4/4 40/40/40
f 22/4/4 21/3/3 41/41/41 42/42/42
f 21/3/3 23/6/6 43/43/43 41/41/41
f 23/6/6 24/8/8 44/44/44 43/43/43
f 24/8/8 25/10/10 45/45/45 44/44/44
f 25/10/10 26/12/12 46/46/46 45/45/45
f 26/12/12 27/14/14 47/47/47 46/46/46
f 27/14/14 28/16/16 48/48/48 47/47/47
f 28/16/16 29/18/18 49/49/49 48/48/48
f 29/18/18 30/20/20 50/50/50 49/49/49
f 30/20/20 31/22/22 51/51/51 50/50/50
f 31/22/22 32/24/24 52/52/52 51/51/51
f 32/24/24 33/26/26 53/53/53 52/52/52
f 33/26/26 34/291/28 54/290/54 53/53/53
f 34/28/28 35/30/30 55/55/55 54/54/54
f 35/30/30 36/32/32 56/56/56 55/55/55
f 36/32/32 37/34/34 57/57/57 56/56/56
f 37/34/34 38/36/36 58/58/58 57/57/57
f 38/36/36 39/38/38 59/59/59 58/58/58
f 39/38/38 40/40/40 60/60/60 59/59/59
f 40/40/40 22/4/4 42/42/42 60/60/60
f 42/42/42 41/41/41 61/61/61 62/62/62
f 41/41/41 43/43/43 63/63/63 61/61/61
f 43/43/43 44/44/44 64/64/64 63/63/63
f 44/44/44 45/45/45 65/65/65 64/64/64
f 45/45/45 46/46/46 66/66/66 65/65/65
f 46/46/46 47/47/47 67/67/67 66/66/66
f 47/47/47 48/48/48 68/68/68 67/67/67
f 48/48/48 49/49/49 69/69/69 68/68/68
f 49/49/49 50/50/50 70/70/70 69/69/69
f 50/50/50 51/51/51 71/71/71 70/70/70
f 51/51/51 52/52/52 72/72/72 71/71/71
f 52/52/52 53/53/53 73/73/73 72/72/72
f 53/53/53 54/290/54 74/289/74 73/73/73
f 54/54/54 55/55/55 75/75/75 74/74/74
f 55/55/55 56/56/56 76/76/76 75/75/75
f 56/56/56 57/57/57 77/77/77 76/76/76
f 57/57/57 58/58/58 78/78/78 77/77/77
f 58/58/58 59/59/59 79/79/79 78/78/78
f 59/59/59 60/60/60 80/80/80 79/79/79
f 60/60/60 42/42/42 62/62/62 80/80/80
f 62/62/62 61/61/61 81/81/81 82/82/82
f 61/61/61 63/63/63 83/83/83 81/81/81
f 63/63/63 64/64/64 84/84/84 83/83/83
f 64/64/64 65/65/65 85/85/85 84/84/84
f 65/65/65 66/66/66 86/86/86 85/85/85
f 66/66/66 67/67/67 87/87/87 86/86/86
f 67/67/67 68/68/68 88/88/88 87/87/87
f 68/68/68 69/69/69 89/89/89 88/88/88
f 69/69/69 70/70/70 90/90/90 89/89/89
f 70/70/70 71/71/71 91/91/91 90/90/90
f 71/71/71 72/72/72 92/92/92 91/91/91
f 72/72/72 73/73/73 93/93/93 92/92/92
f 73/73/73 74/289/74 94/288/94 93/93/93
f 74/74/74 75/75/75 95/95/95 94/94/94
f 75/75/75 76/76/76 96/96/96 95/95/95
f 76/76/76 77/77/77 97/97/97 96/96/96
f 77/77/77 78/78/78 98/98/98 97/97/97
f 78/78/78 79/79/79 99/99/99 98/98/98
f 79/79/79 80/80/80 100/100/100 99/99/99
f 80/80/80 62/62/62 82/82/82 100/100/100
f 82/82/82 81/81/81 101/101/101 102/102/102
f 81/81/81 83/83/83 103/103/103 101/101/101
f 83/83/83 84/84/84 104/104/104 103/103/103
f 84/84/84 85/85/85 105/105/105 104/104/104
f 85/85/85 86/86/86 106/106/106 105/105/105
f 86/86/86 87/87/87 107/107/107 106/106/106
f 87/87/87 88/88/88 108/108/108 107/107/107
f 88/88/88 89/89/89 109/109/109 108/108/108
f 89/89/89 90/90/90 110/110/110 109/109/109
f 90/90/90 91/91/91 111/111/111 110/110/110
f 91/91/91 92/92/92 112/112/112 111/111/111
f 92/92/92 93/93/93 113/113/113 112/112/112
f 93/93/93 94/288/94 114/287/114 113/113/113
f 94/94/94 95/95/95 115/115/115 114/114/114
f 95/95/95 96/96/96 116/116/116 115/115/115
f 96/96/96 97/97/97 117/117/117 116/116/116
f 97/97/97 98/98/98 118/118/118 117/117/117
f 98/98/98 99/99/99 119/119/119 118/118/118
f 99/99/99 100/100/100 120/120/120 119/119/119
f 100/100/100 82/82/82 102/102/102 120/120/120
f 102/102/102 101/101/101 121/121/121 122/122/122
f 101/101/101 103/103/103 123/123/123 121/121/121
f 103/103/103 104/104/104 124/124/124 123/123/123
f 104/104/104 105/105/105 125/125/125 124/124/124
f 105/105/105 106/106/106 126/126/126 125/125/125
f 106/106/106 107/107/107 127/127/127 126/126/126
f 107/107/107 108/108/108 128/128/128 127/127/127
f 108/108/108 109/109/109 129/129/129 128/128/128
f 109/109/109 110/110/110 130/130/130 129/129/129
f 110/110/110 111/111/111 131/131/131 130/130/130
f 111/111/111 112/112/112 132/132/132 131/131/131
f 112/112/112 113/113/113 133/133/133 132/132/132
f 113/113/113 114/287/114 134/286/134 133/133/133
f 114/114/114 115/115/115 135/135/135 134/134/134
f 115/115/115 116/116/116 136/136/136 135/135/135
f 116/116/116 117/117/117 137/137/137 136/136/136
f 117/117/117 118/118/118 138/138/138 137/137/137
f 118/118/118 119/119/119 139/139/139 138/138/138
f 119/119/119 120/120/120 140/140/140 139/139/139
f 120/120/120 102/102/102 122/122/122 140/140/140
f 122/122/122 121/121/121 141/141/141 142/142/142
f 121/121/121 123/123/123 143/143/143 141/141/141
f 123/123/123 124/124/124 144/144/144 143/143/143
f 124/124/124 125/125/125 145/145/145 144/144/144
f 125/125/125 126/126/126 146/146/146 145/145/145
f 126/126/126 127/127/127 147/147/147 146/146/146
f 127/127/127 128/128/128 148/148/148 147/147/147
f 128/128/128 129/129/129 149/149/149 148/148/148
f 129/129/129 130/130/130 150/150/150 149/149/149
f 130/130/130 131/131/131 151/151/151 150/150/150
f 131/131/131 132/132/132 152/152/152 151/151/151
f 132/132/132 133/133/133 153/153/153 152/152/152
f 133/133/133 134/286/134 154/285/154 153/153/153
f 134/134/134 135/135/135 155/155/155 154/154/154
f 135/135/135 136/136/136 156/156/156 155/155/155
f 136/136/136 137/137/137 157/157/157 156/156/156
f 137/137/137 138/138/138 158/158/158 157/157/157
f 138/138/138 139/139/139 159/159/159 158/158/158
f 139/139/139 140/140/140 160/160/160 159/159/159
f 140/140/140 122/122/122 142/142/142 160/160/160
f 142/142/142 141/141/141 161/161/161 162/162/162
f 141/141/141 143/143/143 163/163/163 161/161/161
f 143/143/143 144/144/144 164/164/164 163/163/163
f 144/144/144 145/145/145 165/165/165 164/164/164
f 145/145/145 146/146/146 166/166/166 165/165/165
f 146/146/146 147/147/147 167/167/167 166/166/166
f 147/147/147 148/148/148 168/168/168 167/167/167
f 148/148/148 149/149/149 169/169/169 168/168/168
f 149/149/149 150/150/150 170/170/170 169/169/169
f 150/150/150 151/151/151 171/171/171 170/170/170
f 151/151/151 152/152/152 172/172/172 171/171/171
f 152/152/152 153/153/153 173/173/173 172/172/172
f 153/153/153 154/285/154 174/284/174 173/173/173
f 154/154/154 155/155/155 175/175/175 174/174/174
f 155/155/155 156/156/156 176/176/176 175/175/175
f 156/156/156 157/157/157 177/177/177 176/176/176
f 157/157/157 158/158/158 178/178/178 177/177/177
f 158/158/158 159/159/159 179/179/179 178/178/178
f 159/159/159 160/160/160 180/180/180 179/179/179
f 160/160/160 142/142/142 162/162/162 180/180/180
f 162/162/162 161/161/161 181/181/181
f 161/161/161 163/163/163 181/181/181
f 163/163/163 164/164/164 181/181/181
f 164/164/164 165/165/165 181/181/181
f 165/165/165 166/166/166 181/181/181
f 166/166/166 167/167/167 181/181/181
f 167/167/167 168/168/168 181/181/181
f 168/168/168 169/169/169 181/181/181
f 169/169/169 170/170/170 181/181/181
f 170/170/170 171/171/171 181/181/181
f 171/171/171 172/172/172 181/181/181
f 172/172/172 173/173/173 181/181/181
f 173/173/173 174/284/174 181/181/181
f 174/174/174 175/175/175 181/181/181
f 175/175/175 176/176/176 181/181/181
f 176/176/176 177/177/177 181/181/181
f 177/177/177 178/178/178 181/181/181
f 178/178/178 179/179/179 181/181/181
f 179/179/179 180/180/180 181/181/181
f 180/180/180 162/162/162 181/181/181
f 185/281/182 184/183/183 187/184/184 186/280/185
s 3
f 184/183/186 183/186/187 188/187/188 187/184/189
s 4
f 183/186/190 182/188/191 189/189/192 188/187/193
s 1
f 185/182/182 186/185/185 1/2/2 2/1/1
f 186/185/185 190/190/194 3/5/5 1/2/2
f 190/190/194 194/191/195 4/7/7 3/5/5
f 194/191/195 198/192/196 5/9/9 4/7/7
f 198/192/196 202/193/197 6/11/11 5/9/9
f 202/193/197 206/194/198 7/13/13 6/11/11
f 206/194/198 210/195/199 8/15/15 7/13/13
f 210/195/199 214/196/200 9/17/17 8/15/15
f 214/196/200 218/197/201 10/19/19 9/17/17
f 218/197/201 222/198/202 11/21/21 10/19/19
f 222/198/202 226/199/203 12/23/23 11/21/21
f 226/199/203 230/200/204 13/25/25 12/23/23
f 230/200/204 234/282/205 14/27/27 13/25/25
f 234/201/205 238/202/206 15/29/29 14/283/27
f 238/202/206 242/203/207 16/31/31 15/29/29
f 242/203/207 246/204/208 17/33/33 16/31/31
f 246/204/208 250/205/209 18/35/35 17/33/33
f 250/205/209 254/206/210 19/37/37 18/35/35
f 254/206/210 258/207/211 20/39/39 19/37/37
f 258/207/211 185/182/182 2/1/1 20/39/39
s 4
f 188/187/193 189/189/192 193/208/212 192/226/213
s 1
f 186/280/185 187/184/184 191/227/214 190/279/194
s 3
f 187/184/189 188/187/188 192/226/215 191/227/216
s 4
f 192/226/213 193/208/212 197/209/217 196/228/218
s 1
f 190/279/194 191/227/214 195/229/219 194/278/195
s 3
f 191/227/216 192/226/215 196/228/220 195/229/221
s 4
f 196/228/218 197/209/217 201/210/222 200/230/223
s 1
f 194/278/195 195/229/219 199/231/224 198/277/196
s 3
f 195/229/221 196/228/220 200/230/225 199/231/226
s 4
f 200/230/223 201/210/222 205/211/227 204/232/228
s 1
f 198/277/196 199/231/224 203/233/229 202/276/197
s 3
f 199/231/226 200/230/225 204/232/230 203/233/231
s 4
f 204/232/228 205/211/227 209/212/232 208/234/233
s 1
f 202/276/197 203/233/229 207/235/234 206/275/198
s 3
f 203/233/231 204/232/230 208/234/235 207/235/236
s 4
f 208/234/233 209/212/232 213/213/237 212/236/238
s 1
f 206/275/198 207/235/234 211/237/239 210/274/199
s 3
f 207/235/236 208/234/235 212/236/240 211/237/241
s 4
f 212/236/238 213/213/237 217/214/242 216/238/243
s 1
f 210/274/199 211/237/239 215/239/244 214/273/200
s 3
f 211/237/241 212/236/240 216/238/245 215/239/246
s 4
f 216/238/243 217/214/242 221/215/247 220/240/248
s 1
f 214/273/200 215/239/244 219/241/249 218/272/201
s 3
f 215/239/246 216/238/245 220/240/250 219/241/251
s 4
f 220/240/248 221/215/247 225/216/252 224/242/253
s 1
f 218/272/201 219/241/249 223/243/254 222/271/202
s 3
f 219/241/251 220/240/250 224/242/255 223/243/256
s 4
f 224/242/253 225/216/252 229/217/257 228/244/258
s 1
f 222/271/202 223/243/254 227/245/259 226/270/203
s 3
f 223/243/256 224/242/255 228/244/260 227/245/261
s 4
f 228/244/258 229/217/257 233/218/262 232/246/263
s 1
f 226/270/203 227/245/259 231/247/264 230/269/204
s 3
f 227/245/261 228/244/260 232/246/265 231/247/266
s 4
f 232/246/263 233/218/262 237/219/267 236/293/268
s 1
f 230/269/204 231/247/264 235/294/269 234/295/205
s 3
f 231/247/266 232/246/265 236/293/270 235/294/271
s 4
f 236/248/268 237/292/267 241/220/272 240/250/273
s 1
f 234/268/205 235/249/269 239/251/274 238/267/206
s 3
f 235/249/271 236/248/270 240/250/275 239/251/276
s 4
f 240/250/273 241/220/272 245/221/277 244/252/278
s 1
f 238/267/206 239/251/274 243/253/279 242/266/207
s 3
f 239/251/276 240/250/275 244/252/280 243/253/281
s 4
f 244/252/278 245/221/277 249/222/282 248/254/283
s 1
f 242/266/207 243/253/279 247/255/284 246/265/208
s 3
f 243/253/281 244/252/280 248/254/285 247/255/286
s 4
f 248/254/283 249/222/282 253/223/287 252/256/288
s 1
f 246/265/208 247/255/284 251/257/289 250/264/209
s 3
f 247/255/286 248/254/285 252/256/290 251/257/291
s 4
f 252/256/288 253/223/287 257/224/292 256/258/293
s 1
f 250/264/209 251/257/289 255/259/294 254/263/210
s 3
f 251/257/291 252/256/290 256/258/295 255/259/296
s 4
f 256/258/293 257/224/292 261/225/297 260/260/298
s 1
f 254/263/210 255/259/294 259/261/299 258/262/211
s 3
f 255/259/296 256/258/295 260/260/300 259/261/301
s 4
f 182/188/191 183/186/190 260/260/298 261/225/297
s 3
f 183/186/187 184/183/186 259/261/301 260/260/300
s 1
f 184/183/183 185/281/182 258/262/211 259/261/299
g default
v 0.184021 0.788325 2.597157
v 0.237573 0.783861 2.711420
v 0.098368 0.784695 2.504453
v -0.010996 0.773303 2.442377
v -0.133372 0.755291 2.417011
v -0.256780 0.732422 2.430837
v -0.369136 0.706908 2.482498
v -0.459445 0.681270 2.566941
v -0.518886 0.657996 2.675889
v -0.541604 0.639386 2.798702
v -0.525393 0.627260 2.923344
v -0.471870 0.622785 3.037635
v -0.386204 0.626416 3.130355
v -0.276820 0.637795 3.192438
v -0.154426 0.655810 3.217808
v -0.031001 0.678697 3.203982
v 0.081373 0.704215 3.152312
v 0.171664 0.729858 3.067832
v 0.231090 0.753115 2.958868
v 0.253807 0.771732 2.836056
v 0.171809 0.870398 2.606174
v 0.225674 0.865906 2.721104
v 0.085657 0.866742 2.512925
v -0.024349 0.855298 2.450488
v -0.147441 0.837180 2.424974
v -0.271569 0.814163 2.438878
v -0.384583 0.788505 2.490843
v -0.475419 0.762714 2.575780
v -0.535191 0.739335 2.685377
v -0.558042 0.720627 2.808902
v -0.541736 0.708430 2.934265
v -0.487871 0.703938 3.049196
v -0.401718 0.707589 3.142443
v -0.291733 0.719095 3.204914
v -0.168633 0.737214 3.230430
v -0.044505 0.760234 3.216497
v 0.068519 0.785831 3.164526
v 0.159356 0.811621 3.079589
v 0.219125 0.835015 2.969995
v 0.241976 0.853724 2.846470
v 0.146411 0.950441 2.624149
v 0.198471 0.946119 2.735236
v 0.063140 0.946912 2.534022
v -0.043184 0.935851 2.473669
v -0.162159 0.918340 2.449008
v -0.282133 0.896092 2.462453
v -0.391365 0.871288 2.512678
v -0.479166 0.846380 2.594774
v -0.536931 0.823789 2.700708
v -0.558977 0.805698 2.820097
v -0.543219 0.793970 2.941257
v -0.491166 0.789648 3.052328
v -0.407909 0.793185 3.142443
v -0.301596 0.804247 3.202772
v -0.182643 0.821755 3.227429
v -0.062687 0.843997 3.214002
v 0.046530 0.868790 3.163782
v 0.134318 0.893694 3.081698
v 0.192100 0.916246 2.975782
v 0.214218 0.934348 2.856408
v 0.105976 1.018856 2.652060
v 0.153577 1.014905 2.753600
v 0.029863 1.015612 2.569673
v -0.067320 1.005505 2.514487
v -0.176080 0.989497 2.491943
v -0.285748 0.969158 2.504252
v -0.385598 0.946503 2.550166
v -0.465855 0.923733 2.625209
v -0.518629 0.903080 2.722051
v -0.538784 0.886562 2.831176
v -0.524385 0.875806 2.941916
v -0.476775 0.871862 3.043419
v -0.400685 0.875105 3.125781
v -0.303520 0.885194 3.180925
v -0.194801 0.901196 3.203460
v -0.085170 0.921545 3.191182
v 0.014650 0.944193 3.145283
v 0.094923 0.966982 3.070299
v 0.147712 0.987605 2.973475
v 0.167930 1.004132 2.864363
v 0.054585 1.068969 2.686984
v 0.095488 1.065555 2.774252
v -0.010832 1.066227 2.616175
v -0.094368 1.057539 2.568774
v -0.187834 1.043781 2.549401
v -0.282088 1.026302 2.559949
v -0.367893 1.006786 2.599411
v -0.436867 0.987198 2.663904
v -0.482226 0.969432 2.747130
v -0.499609 0.955181 2.840911
v -0.487180 0.945923 2.936093
v -0.446292 0.942486 3.023358
v -0.380896 0.945255 3.094180
v -0.297351 0.953949 3.141557
v -0.203893 0.967706 3.160920
v -0.109639 0.985180 3.150407
v -0.023838 1.004659 3.110925
v 0.045115 1.024269 3.046428
v 0.090538 1.042045 2.963239
v 0.107850 1.056251 2.869437
v -0.001028 1.098981 2.724400
v 0.031981 1.096229 2.794811
v -0.053800 1.096773 2.667254
v -0.121204 1.089764 2.628998
v -0.196625 1.078663 2.613365
v -0.272680 1.064557 2.621885
v -0.341908 1.048811 2.653742
v -0.397560 1.033005 2.705779
v -0.434183 1.018652 2.772917
v -0.448198 1.007180 2.848598
v -0.438211 0.999681 2.925411
v -0.405226 0.996921 2.995848
v -0.352433 0.999126 3.052996
v -0.285017 1.006142 3.091260
v -0.209582 1.017245 3.106896
v -0.133512 1.031350 3.098375
v -0.064259 1.047105 3.066533
v -0.008620 1.062912 3.014457
v 0.027992 1.077268 2.947304
v 0.041976 1.088736 2.871617
v -0.056139 1.112656 2.761222
v -0.031400 1.110586 2.813995
v -0.095698 1.110974 2.718404
v -0.146211 1.105719 2.689733
v -0.202734 1.097400 2.678018
v -0.259731 1.086831 2.684402
v -0.311626 1.075051 2.708264
v -0.353340 1.063208 2.747263
v -0.380784 1.052457 2.797588
v -0.391278 1.043833 2.854307
v -0.383789 1.038223 2.911874
v -0.359053 1.036124 2.964651
v -0.319491 1.037805 3.007474
v -0.268972 1.043061 3.036147
v -0.212445 1.051381 3.047863
v -0.155442 1.061951 3.041478
v -0.103543 1.073734 3.017614
v -0.061832 1.085571 2.978603
v -0.034392 1.096356 2.928281
v -0.023910 1.104968 2.871560
v -0.108943 1.116630 2.796343
v -0.092379 1.115247 2.831685
v -0.135436 1.115520 2.767670
v -0.169261 1.111987 2.748469
v -0.207112 1.106415 2.740623
v -0.245284 1.099351 2.744901
v -0.280033 1.091448 2.760880
v -0.307967 1.083527 2.786998
v -0.326343 1.076314 2.820697
v -0.333364 1.070528 2.858677
v -0.328350 1.066777 2.897226
v -0.311768 1.065355 2.932555
v -0.285279 1.066477 2.961226
v -0.251456 1.069997 2.980423
v -0.213609 1.075568 2.988267
v -0.175442 1.082631 2.983990
v -0.140696 1.090534 2.968015
v -0.112764 1.098508 2.941913
v -0.094385 1.105703 2.908213
v -0.087362 1.111476 2.870232
v -0.160902 1.115591 2.830836
v -0.152516 1.114872 2.848735
v -0.174322 1.115035 2.816315
v -0.191455 1.113260 2.806592
v -0.210626 1.110439 2.802618
v -0.229956 1.106847 2.804783
v -0.247555 1.102836 2.812874
v -0.261699 1.098802 2.826100
v -0.270999 1.095150 2.843170
v -0.274552 1.092201 2.862401
v -0.272009 1.090282 2.881922
v -0.263612 1.089564 2.899813
v -0.250194 1.090115 2.914330
v -0.233069 1.091916 2.924054
v -0.213902 1.094737 2.928026
v -0.194572 1.098302 2.925859
v -0.176978 1.102315 2.917770
v -0.162831 1.106344 2.904551
v -0.153528 1.110014 2.887488
v -0.149973 1.112951 2.868255
v -0.212359 1.103606 2.864999
v 0.030278 0.712762 2.766785
v 0.209448 0.713790 2.714508
v 0.222386 0.716365 2.710910
v 0.239965 0.720189 2.706059
v 0.187569 0.724574 2.594294
v 0.172462 0.720540 2.604422
v 0.161339 0.717809 2.611891
v 0.006494 0.714750 2.716051
v 0.103785 0.721025 2.503610
v 0.092634 0.717156 2.518021
v 0.084414 0.714545 2.528629
v -0.031537 0.713133 2.674885
v -0.003197 0.709896 2.442888
v -0.009295 0.706553 2.460166
v -0.013810 0.704325 2.472878
v -0.080098 0.708078 2.647320
v -0.122905 0.692277 2.418075
v -0.123350 0.689765 2.436524
v -0.123718 0.688148 2.450096
v -0.134438 0.700080 2.636057
v -0.243619 0.669890 2.431598
v -0.238365 0.668436 2.449409
v -0.234552 0.667596 2.462512
v -0.189235 0.689919 2.642196
v -0.353524 0.644932 2.482134
v -0.343081 0.644659 2.497559
v -0.335461 0.644686 2.508913
v -0.239125 0.678597 2.665137
v -0.441868 0.619834 2.564728
v -0.427255 0.620748 2.576252
v -0.416576 0.621648 2.584744
v -0.279228 0.667207 2.702630
v -0.499993 0.597055 2.671309
v -0.482635 0.599050 2.677801
v -0.469944 0.600744 2.682602
v -0.305612 0.656875 2.751011
v -0.522212 0.578843 2.791439
v -0.503806 0.581702 2.792259
v -0.490345 0.584035 2.792901
v -0.315699 0.648624 2.805544
v -0.506383 0.566951 2.913364
v -0.488729 0.570373 2.908430
v -0.475818 0.573118 2.904848
v -0.308514 0.643223 2.860889
v -0.453994 0.562565 3.025148
v -0.438812 0.566199 3.014936
v -0.427716 0.569103 3.007483
v -0.284734 0.641244 2.911631
v -0.370197 0.566109 3.115841
v -0.358972 0.569578 3.101348
v -0.350779 0.572363 3.090753
v -0.246697 0.642858 2.952798
v -0.263209 0.577229 3.176589
v -0.257035 0.580174 3.159229
v -0.252549 0.582572 3.146532
v -0.198132 0.647900 2.980372
v -0.143480 0.594852 3.201406
v -0.142959 0.596964 3.182875
v -0.142619 0.598753 3.169318
v -0.143785 0.655899 2.991638
v -0.022745 0.617247 3.187883
v -0.027923 0.618301 3.169990
v -0.031765 0.619312 3.156900
v -0.088981 0.666064 2.985499
v 0.087167 0.642217 3.137321
v 0.076799 0.642090 3.121813
v 0.069149 0.642236 3.110473
v -0.039090 0.677401 2.962548
v 0.175511 0.667318 3.054709
v 0.160974 0.666001 3.043102
v 0.150266 0.665270 3.034624
v 0.001014 0.688782 2.925048
v 0.233641 0.690095 2.948119
v 0.216361 0.687699 2.941543
v 0.203640 0.686174 2.936757
v 0.027403 0.699114 2.876664
v 0.255829 0.708303 2.827977
v 0.237498 0.705044 2.827071
v 0.224008 0.702886 2.826446
v 0.037475 0.707374 2.822128
vt 0.772236 0.680133
vt 0.754589 0.682321
vt 0.755163 0.674522
vt 0.770502 0.672510
vt 0.737315 0.679070
vt 0.740053 0.671797
vt 0.721927 0.670840
vt 0.726458 0.664736
vt 0.709401 0.658721
vt 0.715570 0.653984
vt 0.701048 0.643324
vt 0.708351 0.640493
vt 0.697740 0.625957
vt 0.705555 0.625368
vt 0.699924 0.608236
vt 0.707546 0.609996
vt 0.707518 0.591885
vt 0.714232 0.595860
vt 0.719900 0.578543
vt 0.725051 0.584371
vt 0.735955 0.569595
vt 0.739020 0.576714
vt 0.754180 0.566031
vt 0.754820 0.573730
vt 0.772812 0.568343
vt 0.770905 0.575824
vt 0.789970 0.576462
vt 0.785606 0.582911
vt 0.803735 0.589696
vt 0.797224 0.594371
vt 0.812057 0.606868
vt 0.804544 0.608941
vt 0.814460 0.625656
vt 0.806750 0.625070
vt 0.810903 0.644017
vt 0.803793 0.640951
vt 0.801925 0.660149
vt 0.796125 0.654976
vt 0.788563 0.672548
vt 0.784625 0.665817
vt 0.755618 0.666824
vt 0.768683 0.665017
vt 0.742676 0.664589
vt 0.730967 0.658645
vt 0.721701 0.649361
vt 0.715592 0.637784
vt 0.713279 0.624875
vt 0.715054 0.611811
vt 0.720815 0.599842
vt 0.730064 0.590156
vt 0.741956 0.583749
vt 0.755348 0.581310
vt 0.768917 0.583162
vt 0.781243 0.589202
vt 0.790910 0.598907
vt 0.797181 0.611072
vt 0.799144 0.624621
vt 0.796745 0.638046
vt 0.790342 0.649971
vt 0.780650 0.659240
vt 0.755949 0.659421
vt 0.766812 0.657850
vt 0.745140 0.657628
vt 0.735334 0.652723
vt 0.727626 0.644942
vt 0.722581 0.635254
vt 0.720713 0.624499
vt 0.722248 0.613656
vt 0.727087 0.603760
vt 0.734801 0.595786
vt 0.744672 0.590543
vt 0.755745 0.588596
vt 0.766915 0.590188
vt 0.777018 0.595207
vt 0.784916 0.603221
vt 0.790133 0.613181
vt 0.791826 0.624303
vt 0.789922 0.635377
vt 0.784693 0.645262
vt 0.776716 0.652991
vt 0.756162 0.652471
vt 0.764936 0.651155
vt 0.747407 0.651062
vt 0.739455 0.647115
vt 0.733213 0.640811
vt 0.729168 0.632944
vt 0.727696 0.624243
vt 0.728976 0.615497
vt 0.732916 0.607541
vt 0.739157 0.601149
vt 0.747117 0.596976
vt 0.756014 0.595454
vt 0.764951 0.596783
vt 0.773020 0.600828
vt 0.779321 0.607255
vt 0.783534 0.615209
vt 0.784935 0.624102
vt 0.783455 0.632984
vt 0.779297 0.640945
vt 0.772906 0.647197
vt 0.756225 0.646104
vt 0.763062 0.645067
vt 0.749402 0.645012
vt 0.743249 0.641906
vt 0.738404 0.637022
vt 0.735232 0.630924
vt 0.734091 0.624143
vt 0.735098 0.617333
vt 0.738171 0.611145
vt 0.743032 0.606186
vt 0.749219 0.602951
vt 0.756129 0.601774
vt 0.763081 0.602779
vt 0.769325 0.605974
vt 0.774273 0.610942
vt 0.777488 0.617154
vt 0.778576 0.624049
vt 0.777439 0.630932
vt 0.774221 0.637111
vt 0.769263 0.641977
vt 0.756269 0.640256
vt 0.761308 0.639483
vt 0.751243 0.639453
vt 0.746718 0.637153
vt 0.743137 0.633564
vt 0.740800 0.629068
vt 0.739963 0.624070
vt 0.740714 0.619052
vt 0.742987 0.614498
vt 0.746572 0.610854
vt 0.751126 0.608484
vt 0.756204 0.607628
vt 0.761303 0.608385
vt 0.765906 0.610703
vt 0.769549 0.614358
vt 0.771895 0.618938
vt 0.772694 0.624007
vt 0.771870 0.629065
vt 0.769514 0.633610
vt 0.765872 0.637197
vt 0.756291 0.634778
vt 0.759635 0.634259
vt 0.752953 0.634247
vt 0.749946 0.632718
vt 0.747559 0.630338
vt 0.746011 0.627347
vt 0.745461 0.624025
vt 0.745966 0.620692
vt 0.747481 0.617672
vt 0.749864 0.615260
vt 0.752886 0.613696
vt 0.756249 0.613137
vt 0.759624 0.613645
vt 0.762674 0.615174
vt 0.765087 0.617589
vt 0.766636 0.620625
vt 0.767166 0.623984
vt 0.766625 0.627336
vt 0.765071 0.630351
vt 0.762661 0.632735
vt 0.756289 0.629413
vt 0.757970 0.629149
vt 0.754610 0.629147
vt 0.753096 0.628379
vt 0.751893 0.627183
vt 0.751116 0.625676
vt 0.750842 0.624004
vt 0.751099 0.622327
vt 0.751865 0.620811
vt 0.753065 0.619601
vt 0.754582 0.618819
vt 0.756270 0.618543
vt 0.757962 0.618800
vt 0.759491 0.619567
vt 0.760701 0.620774
vt 0.761477 0.622296
vt 0.761743 0.623981
vt 0.761474 0.625664
vt 0.760696 0.627180
vt 0.759488 0.628380
vt 0.756274 0.623996
vt 0.773590 0.686396
vt 0.621280 0.587931
vt 0.614285 0.597565
vt 0.754032 0.688704
vt 0.622252 0.588902
vt 0.615510 0.598189
vt 0.635482 0.602140
vt 0.632183 0.606691
vt 0.734979 0.685010
vt 0.718222 0.675828
vt 0.704394 0.662678
vt 0.695102 0.645715
vt 0.691352 0.626493
vt 0.693673 0.606830
vt 0.701996 0.588646
vt 0.715645 0.573769
vt 0.733394 0.563742
vt 0.753588 0.559678
vt 0.774287 0.562142
vt 0.793442 0.571098
vt 0.809130 0.585823
vt 0.818251 0.605296
vt 0.820810 0.626246
vt 0.816735 0.646614
vt 0.806657 0.664447
vt 0.791746 0.678103
vt 0.630451 0.612038
vt 0.630456 0.617659
vt 0.632198 0.623003
vt 0.635506 0.627547
vt 0.640057 0.630846
vt 0.645404 0.632579
vt 0.651025 0.632573
vt 0.656368 0.630831
vt 0.660914 0.627524
vt 0.664214 0.622973
vt 0.665945 0.617626
vt 0.665941 0.612004
vt 0.664199 0.606660
vt 0.660890 0.602115
vt 0.656339 0.598816
vt 0.650991 0.597084
vt 0.645370 0.597089
vt 0.640027 0.598833
vt 0.611966 0.609104
vt 0.610609 0.608889
vt 0.611969 0.620580
vt 0.610611 0.620795
vt 0.615518 0.631493
vt 0.614293 0.632117
vt 0.622265 0.640775
vt 0.621294 0.641747
vt 0.631551 0.647518
vt 0.630928 0.648743
vt 0.642466 0.651063
vt 0.642251 0.652421
vt 0.653942 0.651060
vt 0.654158 0.652418
vt 0.664855 0.647511
vt 0.665480 0.648736
vt 0.674141 0.640766
vt 0.675113 0.641738
vt 0.680885 0.631479
vt 0.682110 0.632103
vt 0.684429 0.620563
vt 0.685787 0.620778
vt 0.684429 0.609085
vt 0.685787 0.608870
vt 0.680879 0.598170
vt 0.682104 0.597545
vt 0.674130 0.588885
vt 0.675102 0.587913
vt 0.664842 0.582143
vt 0.665466 0.580918
vt 0.653925 0.578599
vt 0.654140 0.577241
vt 0.642448 0.578602
vt 0.642233 0.577244
vt 0.631535 0.582155
vt 0.630911 0.580930
vt 0.630061 0.579259
vt 0.641941 0.575393
vt 0.654434 0.575390
vt 0.666318 0.579247
vt 0.676429 0.586587
vt 0.683776 0.596693
vt 0.687639 0.608576
vt 0.687640 0.621070
vt 0.683782 0.632953
vt 0.676441 0.643062
vt 0.666333 0.650405
vt 0.654453 0.654268
vt 0.641961 0.654271
vt 0.630079 0.650413
vt 0.619970 0.643073
vt 0.612625 0.632968
vt 0.608762 0.621088
vt 0.608759 0.608596
vt 0.612617 0.596714
vt 0.619956 0.586605
vt 0.687639 0.608576
vt 0.793442 0.571098
vt 0.789970 0.576462
vt 0.665941 0.612004
vt 0.684429 0.609085
vt 0.685787 0.608870
vt 0.759491 0.619567
vt 0.762674 0.615174
vt 0.765906 0.610703
vt 0.769325 0.605974
vt 0.773020 0.600828
vt 0.777018 0.595207
vt 0.781243 0.589202
vt 0.785606 0.582911
vn 0.954886 0.122403 -0.270576
vn 0.822376 0.134750 -0.552757
vn 0.798699 0.273184 -0.536143
vn 0.931481 0.260447 -0.253987
vn 0.610575 0.126759 -0.781749
vn 0.586720 0.265473 -0.765038
vn 0.340212 0.099186 -0.935103
vn 0.316295 0.238035 -0.918312
vn 0.037776 0.054720 -0.997787
vn 0.013863 0.193581 -0.980986
vn -0.267113 -0.002288 -0.963663
vn -0.291010 0.136456 -0.946939
vn -0.544596 -0.066241 -0.836079
vn -0.568528 0.072216 -0.819488
vn -0.767496 -0.130845 -0.627559
vn -0.791541 0.007181 -0.611073
vn -0.914034 -0.189832 -0.358478
vn -0.938252 -0.052213 -0.341989
vn -0.969850 -0.237370 -0.055204
vn -0.994216 -0.100221 -0.038598
vn -0.929526 -0.268767 0.252479
vn -0.953942 -0.132153 0.269314
vn -0.796973 -0.281068 0.534636
vn -0.821336 -0.144864 0.551744
vn -0.585150 -0.273069 0.763566
vn -0.609352 -0.137147 0.780949
vn -0.314868 -0.245504 0.916835
vn -0.338745 -0.109669 0.934465
vn -0.012501 -0.200998 0.979512
vn -0.035935 -0.065178 0.997226
vn 0.292275 -0.143964 0.945436
vn 0.269217 -0.007980 0.963046
vn 0.569752 -0.080065 0.817907
vn 0.546885 0.056231 0.835317
vn 0.792671 -0.015489 0.609453
vn 0.769865 0.121225 0.626588
vn 0.939244 0.043449 0.340490
vn 0.916333 0.180607 0.357373
vn 0.995160 0.090951 0.037201
vn 0.972031 0.228579 0.053918
vn 0.733843 0.468826 -0.491607
vn 0.862020 0.456707 -0.219865
vn 0.529588 0.461298 -0.711857
vn 0.269171 0.434782 -0.859367
vn -0.022078 0.391966 -0.919715
vn -0.315650 0.337044 -0.886999
vn -0.582955 0.275270 -0.764454
vn -0.798004 0.212713 -0.563864
vn -0.939674 0.155569 -0.304649
vn -0.993929 0.109332 -0.012339
vn -0.955422 0.078592 0.284593
vn -0.827764 0.066313 0.557145
vn -0.623431 0.073842 0.778384
vn -0.362374 0.100467 0.926602
vn -0.070235 0.143439 0.987164
vn 0.224252 0.198504 0.954100
vn 0.492070 0.260316 0.830724
vn 0.707015 0.322907 0.629175
vn 0.847995 0.380064 0.369399
vn 0.901362 0.426183 0.076909
vn 0.614784 0.673353 -0.410654
vn 0.729655 0.663174 -0.166745
vn 0.431679 0.666094 -0.608253
vn 0.198092 0.642102 -0.740584
vn -0.063197 0.603671 -0.794725
vn -0.326582 0.554566 -0.765376
vn -0.566413 0.499618 -0.655407
vn -0.759449 0.444143 -0.475367
vn -0.886703 0.393468 -0.242780
vn -0.935566 0.352615 0.019486
vn -0.901157 0.325745 0.286018
vn -0.786753 0.315382 0.530616
vn -0.603460 0.322504 0.729265
vn -0.369201 0.346527 0.862328
vn -0.107208 0.385069 0.916640
vn 0.157071 0.434373 0.886932
vn 0.397436 0.489531 0.776147
vn 0.590400 0.545121 0.595207
vn 0.717036 0.595688 0.361960
vn 0.764897 0.636411 0.099562
vn 0.453645 0.838613 -0.301553
vn 0.547135 0.830831 -0.101799
vn 0.304079 0.832249 -0.463571
vn 0.112882 0.812374 -0.572107
vn -0.101018 0.780893 -0.616442
vn -0.316755 0.740876 -0.592258
vn -0.513035 0.696332 -0.501913
vn -0.670776 0.651551 -0.354317
vn -0.774632 0.610789 -0.163956
vn -0.814394 0.578101 0.050620
vn -0.786029 0.556857 0.268456
vn -0.692517 0.548938 0.468068
vn -0.542759 0.555229 0.630185
vn -0.351519 0.575099 0.738712
vn -0.137806 0.606554 0.783008
vn 0.077944 0.646572 0.758860
vn 0.274351 0.691253 0.668506
vn 0.432028 0.736202 0.520920
vn 0.535948 0.776905 0.330421
vn 0.575560 0.809500 0.115931
vn 0.277840 0.943066 -0.182845
vn 0.346346 0.937422 -0.035835
vn 0.167862 0.938346 -0.302208
vn 0.027110 0.923647 -0.382284
vn -0.130348 0.900464 -0.414938
vn -0.289256 0.871045 -0.397003
vn -0.433703 0.838302 -0.330382
vn -0.549539 0.805536 -0.221629
vn -0.625602 0.775883 -0.081418
vn -0.654400 0.752278 0.076404
vn -0.633282 0.736968 0.236289
vn -0.564340 0.731532 0.382597
vn -0.454393 0.736408 0.501229
vn -0.314281 0.751058 0.580638
vn -0.157640 0.774112 0.613107
vn 0.000403 0.803357 0.595498
vn 0.144566 0.835919 0.529472
vn 0.260503 0.868610 0.421491
vn 0.337088 0.898285 0.281880
vn 0.366804 0.921956 0.124305
vn 0.128414 0.988302 -0.082280
vn 0.174602 0.984483 0.017527
vn 0.053879 0.985100 -0.163323
vn -0.041573 0.975143 -0.217643
vn -0.148356 0.959421 -0.239794
vn -0.256128 0.939460 -0.227627
vn -0.354070 0.917260 -0.182396
vn -0.432525 0.895073 -0.108475
vn -0.483796 0.875082 -0.013168
vn -0.502874 0.859267 0.093691
vn -0.488105 0.849146 0.201753
vn -0.441243 0.845607 0.300422
vn -0.367050 0.848959 0.380189
vn -0.272563 0.858867 0.433655
vn -0.166861 0.874445 0.455525
vn -0.060351 0.894142 0.443697
vn 0.036864 0.916070 0.399319
vn 0.115408 0.938034 0.326763
vn 0.167519 0.958014 0.232695
vn 0.188034 0.974032 0.126112
vn 0.032328 0.999323 -0.017552
vn 0.063709 0.996670 0.050895
vn -0.018580 0.997138 -0.073285
vn -0.083923 0.990310 -0.110653
vn -0.157007 0.979550 -0.125816
vn -0.230864 0.965886 -0.117327
vn -0.297845 0.950721 -0.086126
vn -0.351329 0.935586 -0.035314
vn -0.386281 0.921889 0.030148
vn -0.399133 0.911082 0.103066
vn -0.388791 0.904195 0.176841
vn -0.356728 0.901756 0.244094
vn -0.306233 0.904081 0.298091
vn -0.241790 0.910855 0.334486
vn -0.169593 0.921499 0.349398
vn -0.097034 0.934892 0.341411
vn -0.030930 0.949731 0.311537
vn 0.022843 0.964743 0.262200
vn 0.058609 0.978459 0.197947
vn 0.072707 0.989462 0.125212
vn -0.043270 0.998498 0.033621
vn -0.023677 0.996773 0.076698
vn -0.075284 0.997161 -0.001546
vn -0.116432 0.992878 -0.025243
vn -0.162419 0.986109 -0.034786
vn -0.208985 0.977480 -0.029287
vn -0.251096 0.967915 -0.009543
vn -0.284537 0.958403 0.022419
vn -0.306466 0.949743 0.063778
vn -0.314501 0.942908 0.109604
vn -0.307848 0.938588 0.155829
vn -0.287678 0.937012 0.198114
vn -0.256267 0.938406 0.231779
vn -0.215860 0.942658 0.254559
vn -0.170032 0.949400 0.264062
vn -0.124556 0.957772 0.259151
vn -0.083521 0.967073 0.240403
vn -0.049786 0.976584 0.209299
vn -0.027150 0.985241 0.169006
vn -0.018123 0.992187 0.123437
vn -0.168504 0.978590 0.118184
vn 0.941950 -0.173369 -0.287531
vn 0.179150 -0.976436 -0.120322
vn 0.177784 -0.976274 -0.123622
vn 0.818323 -0.162228 -0.551388
vn 0.162825 -0.979840 -0.115765
vn 0.162825 -0.979840 -0.115764
vn 0.163862 -0.979845 -0.114248
vn 0.163862 -0.979845 -0.114248
vn -0.013390 -0.997764 -0.065480
vn -0.013391 -0.997764 -0.065484
vn 0.011726 -0.999860 -0.011946
vn 0.011727 -0.999860 -0.011944
vn 0.620485 -0.170029 -0.765565
vn 0.367788 -0.195981 -0.909024
vn 0.085003 -0.237565 -0.967645
vn -0.200069 -0.290704 -0.935662
vn -0.459466 -0.350166 -0.816257
vn -0.667758 -0.410142 -0.621194
vn -0.804561 -0.464869 -0.369567
vn -0.856607 -0.508728 -0.086143
vn -0.818905 -0.537467 0.201306
vn -0.694959 -0.548637 0.464790
vn -0.497127 -0.540867 0.678475
vn -0.244839 -0.514781 0.821617
vn 0.037446 -0.473199 0.880159
vn 0.322101 -0.420203 0.848340
vn 0.581314 -0.360846 0.729290
vn 0.789649 -0.300779 0.534778
vn 0.926831 -0.246138 0.283549
vn 0.979311 -0.202362 0.000122
vn 0.051869 -0.998157 0.031486
vn 0.051872 -0.998157 0.031489
vn 0.175402 -0.976355 -0.126350
vn 0.165175 -0.979756 -0.113122
vn 0.165175 -0.979756 -0.113122
vn 0.103086 -0.992829 0.060535
vn 0.103088 -0.992828 0.060536
vn 0.172234 -0.976678 -0.128205
vn 0.166650 -0.979586 -0.112421
vn 0.166650 -0.979586 -0.112421
vn 0.160394 -0.984394 0.072406
vn 0.160393 -0.984394 0.072406
vn 0.168663 -0.977203 -0.128945
vn 0.168227 -0.979354 -0.112099
vn 0.168227 -0.979354 -0.112099
vn 0.218163 -0.973682 0.065950
vn 0.218160 -0.973682 0.065950
vn 0.165065 -0.977878 -0.128485
vn 0.169830 -0.979069 -0.112169
vn 0.169830 -0.979069 -0.112169
vn 0.270796 -0.961731 0.041760
vn 0.270794 -0.961731 0.041761
vn 0.161869 -0.978618 -0.126907
vn 0.171423 -0.978731 -0.112697
vn 0.171423 -0.978731 -0.112697
vn 0.313141 -0.949704 0.002196
vn 0.313139 -0.949705 0.002198
vn 0.159428 -0.979339 -0.124413
vn 0.172911 -0.978353 -0.113700
vn 0.172911 -0.978353 -0.113700
vn 0.340982 -0.938804 -0.048766
vn 0.340980 -0.938805 -0.048760
vn 0.157939 -0.979981 -0.121215
vn 0.174134 -0.977974 -0.115080
vn 0.174134 -0.977974 -0.115081
vn 0.351639 -0.930080 -0.106307
vn 0.351639 -0.930080 -0.106307
vn 0.157503 -0.980469 -0.117782
vn 0.174848 -0.977626 -0.116946
vn 0.174848 -0.977626 -0.116946
vn 0.344074 -0.924377 -0.164743
vn 0.344074 -0.924377 -0.164744
vn 0.158127 -0.980761 -0.114469
vn 0.174876 -0.977361 -0.119094
vn 0.174876 -0.977361 -0.119095
vn 0.318994 -0.922279 -0.218274
vn 0.318997 -0.922279 -0.218270
vn 0.159731 -0.980841 -0.111518
vn 0.174236 -0.977214 -0.121225
vn 0.174236 -0.977214 -0.121225
vn 0.278827 -0.923977 -0.261766
vn 0.278826 -0.923977 -0.261767
vn 0.162069 -0.980717 -0.109214
vn 0.172838 -0.977228 -0.123094
vn 0.172837 -0.977228 -0.123094
vn 0.227571 -0.929310 -0.290852
vn 0.227569 -0.929310 -0.290853
vn 0.164925 -0.980414 -0.107647
vn 0.170828 -0.977430 -0.124290
vn 0.170828 -0.977430 -0.124290
vn 0.170266 -0.937747 -0.302722
vn 0.170266 -0.937747 -0.302722
vn 0.168105 -0.979949 -0.106960
vn 0.168569 -0.977768 -0.124714
vn 0.168569 -0.977768 -0.124714
vn 0.112446 -0.948468 -0.296250
vn 0.112448 -0.948468 -0.296251
vn 0.171319 -0.979361 -0.107250
vn 0.166308 -0.978197 -0.124385
vn 0.166308 -0.978197 -0.124386
vn 0.059754 -0.960436 -0.272017
vn 0.059754 -0.960436 -0.272017
vn 0.174309 -0.978698 -0.108477
vn 0.164338 -0.978671 -0.123270
vn 0.164338 -0.978671 -0.123271
vn 0.017441 -0.972456 -0.232434
vn 0.017438 -0.972457 -0.232430
vn 0.176866 -0.978005 -0.110566
vn 0.163005 -0.979111 -0.121533
vn 0.163005 -0.979111 -0.121534
vn -0.010372 -0.983365 -0.181345
vn -0.010372 -0.983365 -0.181346
vn 0.178661 -0.977356 -0.113384
vn 0.162331 -0.979471 -0.119524
vn 0.162331 -0.979471 -0.119524
vn -0.021005 -0.992084 -0.123808
vn -0.021005 -0.992084 -0.123808
vn 0.179439 -0.976816 -0.116753
vn 0.162258 -0.979722 -0.117544
vn 0.162258 -0.979722 -0.117544
s 1
g Mushrooms FinalObjects pSphere3 Mushroom01
usemtl lambert2SG
f 263/296/302 262/297/303 282/298/304 283/299/305
f 262/297/303 264/300/306 284/301/307 282/298/304
f 264/300/306 265/302/308 285/303/309 284/301/307
f 265/302/308 266/304/310 286/305/311 285/303/309
f 266/304/310 267/306/312 287/307/313 286/305/311
f 267/306/312 268/308/314 288/309/315 287/307/313
f 268/308/314 269/310/316 289/311/317 288/309/315
f 269/310/316 270/312/318 290/313/319 289/311/317
f 270/312/318 271/314/320 291/315/321 290/313/319
f 271/314/320 272/316/322 292/317/323 291/315/321
f 272/316/322 273/318/324 293/319/325 292/317/323
f 273/318/324 274/320/326 294/321/327 293/319/325
f 274/320/326 275/322/328 295/590/329 294/321/327
f 275/579/328 276/324/330 296/325/331 295/323/329
f 276/324/330 277/326/332 297/327/333 296/325/331
f 277/326/332 278/328/334 298/329/335 297/327/333
f 278/328/334 279/330/336 299/331/337 298/329/335
f 279/330/336 280/332/338 300/333/339 299/331/337
f 280/332/338 281/334/340 301/335/341 300/333/339
f 281/334/340 263/296/302 283/299/305 301/335/341
f 283/299/305 282/298/304 302/336/342 303/337/343
f 282/298/304 284/301/307 304/338/344 302/336/342
f 284/301/307 285/303/309 305/339/345 304/338/344
f 285/303/309 286/305/311 306/340/346 305/339/345
f 286/305/311 287/307/313 307/341/347 306/340/346
f 287/307/313 288/309/315 308/342/348 307/341/347
f 288/309/315 289/311/317 309/343/349 308/342/348
f 289/311/317 290/313/319 310/344/350 309/343/349
f 290/313/319 291/315/321 311/345/351 310/344/350
f 291/315/321 292/317/323 312/346/352 311/345/351
f 292/317/323 293/319/325 313/347/353 312/346/352
f 293/319/325 294/321/327 314/348/354 313/347/353
f 294/321/327 295/590/329 315/589/355 314/348/354
f 295/323/329 296/325/331 316/350/356 315/349/355
f 296/325/331 297/327/333 317/351/357 316/350/356
f 297/327/333 298/329/335 318/352/358 317/351/357
f 298/329/335 299/331/337 319/353/359 318/352/358
f 299/331/337 300/333/339 320/354/360 319/353/359
f 300/333/339 301/335/341 321/355/361 320/354/360
f 301/335/341 283/299/305 303/337/343 321/355/361
f 303/337/343 302/336/342 322/356/362 323/357/363
f 302/336/342 304/338/344 324/358/364 322/356/362
f 304/338/344 305/339/345 325/359/365 324/358/364
f 305/339/345 306/340/346 326/360/366 325/359/365
f 306/340/346 307/341/347 327/361/367 326/360/366
f 307/341/347 308/342/348 328/362/368 327/361/367
f 308/342/348 309/343/349 329/363/369 328/362/368
f 309/343/349 310/344/350 330/364/370 329/363/369
f 310/344/350 311/345/351 331/365/371 330/364/370
f 311/345/351 312/346/352 332/366/372 331/365/371
f 312/346/352 313/347/353 333/367/373 332/366/372
f 313/347/353 314/348/354 334/368/374 333/367/373
f 314/348/354 315/589/355 335/588/375 334/368/374
f 315/349/355 316/350/356 336/370/376 335/369/375
f 316/350/356 317/351/357 337/371/377 336/370/376
f 317/351/357 318/352/358 338/372/378 337/371/377
f 318/352/358 319/353/359 339/373/379 338/372/378
f 319/353/359 320/354/360 340/374/380 339/373/379
f 320/354/360 321/355/361 341/375/381 340/374/380
f 321/355/361 303/337/343 323/357/363 341/375/381
f 323/357/363 322/356/362 342/376/382 343/377/383
f 322/356/362 324/358/364 344/378/384 342/376/382
f 324/358/364 325/359/365 345/379/385 344/378/384
f 325/359/365 326/360/366 346/380/386 345/379/385
f 326/360/366 327/361/367 347/381/387 346/380/386
f 327/361/367 328/362/368 348/382/388 347/381/387
f 328/362/368 329/363/369 349/383/389 348/382/388
f 329/363/369 330/364/370 350/384/390 349/383/389
f 330/364/370 331/365/371 351/385/391 350/384/390
f 331/365/371 332/366/372 352/386/392 351/385/391
f 332/366/372 333/367/373 353/387/393 352/386/392
f 333/367/373 334/368/374 354/388/394 353/387/393
f 334/368/374 335/588/375 355/587/395 354/388/394
f 335/369/375 336/370/376 356/390/396 355/389/395
f 336/370/376 337/371/377 357/391/397 356/390/396
f 337/371/377 338/372/378 358/392/398 357/391/397
f 338/372/378 339/373/379 359/393/399 358/392/398
f 339/373/379 340/374/380 360/394/400 359/393/399
f 340/374/380 341/375/381 361/395/401 360/394/400
f 341/375/381 323/357/363 343/377/383 361/395/401
f 343/377/383 342/376/382 362/396/402 363/397/403
f 342/376/382 344/378/384 364/398/404 362/396/402
f 344/378/384 345/379/385 365/399/405 364/398/404
f 345/379/385 346/380/386 366/400/406 365/399/405
f 346/380/386 347/381/387 367/401/407 366/400/406
f 347/381/387 348/382/388 368/402/408 367/401/407
f 348/382/388 349/383/389 369/403/409 368/402/408
f 349/383/389 350/384/390 370/404/410 369/403/409
f 350/384/390 351/385/391 371/405/411 370/404/410
f 351/385/391 352/386/392 372/406/412 371/405/411
f 352/386/392 353/387/393 373/407/413 372/406/412
f 353/387/393 354/388/394 374/408/414 373/407/413
f 354/388/394 355/587/395 375/586/415 374/408/414
f 355/389/395 356/390/396 376/410/416 375/409/415
f 356/390/396 357/391/397 377/411/417 376/410/416
f 357/391/397 358/392/398 378/412/418 377/411/417
f 358/392/398 359/393/399 379/413/419 378/412/418
f 359/393/399 360/394/400 380/414/420 379/413/419
f 360/394/400 361/395/401 381/415/421 380/414/420
f 361/395/401 343/377/383 363/397/403 381/415/421
f 363/397/403 362/396/402 382/416/422 383/417/423
f 362/396/402 364/398/404 384/418/424 382/416/422
f 364/398/404 365/399/405 385/419/425 384/418/424
f 365/399/405 366/400/406 386/420/426 385/419/425
f 366/400/406 367/401/407 387/421/427 386/420/426
f 367/401/407 368/402/408 388/422/428 387/421/427
f 368/402/408 369/403/409 389/423/429 388/422/428
f 369/403/409 370/404/410 390/424/430 389/423/429
f 370/404/410 371/405/411 391/425/431 390/424/430
f 371/405/411 372/406/412 392/426/432 391/425/431
f 372/406/412 373/407/413 393/427/433 392/426/432
f 373/407/413 374/408/414 394/428/434 393/427/433
f 374/408/414 375/586/415 395/585/435 394/428/434
f 375/409/415 376/410/416 396/430/436 395/429/435
f 376/410/416 377/411/417 397/431/437 396/430/436
f 377/411/417 378/412/418 398/432/438 397/431/437
f 378/412/418 379/413/419 399/433/439 398/432/438
f 379/413/419 380/414/420 400/434/440 399/433/439
f 380/414/420 381/415/421 401/435/441 400/434/440
f 381/415/421 363/397/403 383/417/423 401/435/441
f 383/417/423 382/416/422 402/436/442 403/437/443
f 382/416/422 384/418/424 404/438/444 402/436/442
f 384/418/424 385/419/425 405/439/445 404/438/444
f 385/419/425 386/420/426 406/440/446 405/439/445
f 386/420/426 387/421/427 407/441/447 406/440/446
f 387/421/427 388/422/428 408/442/448 407/441/447
f 388/422/428 389/423/429 409/443/449 408/442/448
f 389/423/429 390/424/430 410/444/450 409/443/449
f 390/424/430 391/425/431 411/445/451 410/444/450
f 391/425/431 392/426/432 412/446/452 411/445/451
f 392/426/432 393/427/433 413/447/453 412/446/452
f 393/427/433 394/428/434 414/448/454 413/447/453
f 394/428/434 395/585/435 415/584/455 414/448/454
f 395/429/435 396/430/436 416/450/456 415/449/455
f 396/430/436 397/431/437 417/451/457 416/450/456
f 397/431/437 398/432/438 418/452/458 417/451/457
f 398/432/438 399/433/439 419/453/459 418/452/458
f 399/433/439 400/434/440 420/454/460 419/453/459
f 400/434/440 401/435/441 421/455/461 420/454/460
f 401/435/441 383/417/423 403/437/443 421/455/461
f 403/437/443 402/436/442 422/456/462 423/457/463
f 402/436/442 404/438/444 424/458/464 422/456/462
f 404/438/444 405/439/445 425/459/465 424/458/464
f 405/439/445 406/440/446 426/460/466 425/459/465
f 406/440/446 407/441/447 427/461/467 426/460/466
f 407/441/447 408/442/448 428/462/468 427/461/467
f 408/442/448 409/443/449 429/463/469 428/462/468
f 409/443/449 410/444/450 430/464/470 429/463/469
f 410/444/450 411/445/451 431/465/471 430/464/470
f 411/445/451 412/446/452 432/466/472 431/465/471
f 412/446/452 413/447/453 433/467/473 432/466/472
f 413/447/453 414/448/454 434/468/474 433/467/473
f 414/448/454 415/584/455 435/583/475 434/468/474
f 415/449/455 416/450/456 436/470/476 435/469/475
f 416/450/456 417/451/457 437/471/477 436/470/476
f 417/451/457 418/452/458 438/472/478 437/471/477
f 418/452/458 419/453/459 439/473/479 438/472/478
f 419/453/459 420/454/460 440/474/480 439/473/479
f 420/454/460 421/455/461 441/475/481 440/474/480
f 421/455/461 403/437/443 423/457/463 441/475/481
f 423/457/463 422/456/462 442/476/482
f 422/456/462 424/458/464 442/476/482
f 424/458/464 425/459/465 442/476/482
f 425/459/465 426/460/466 442/476/482
f 426/460/466 427/461/467 442/476/482
f 427/461/467 428/462/468 442/476/482
f 428/462/468 429/463/469 442/476/482
f 429/463/469 430/464/470 442/476/482
f 430/464/470 431/465/471 442/476/482
f 431/465/471 432/466/472 442/476/482
f 432/466/472 433/467/473 442/476/482
f 433/467/473 434/468/474 442/476/482
f 434/468/474 435/583/475 442/476/482
f 435/469/475 436/470/476 442/476/482
f 436/470/476 437/471/477 442/476/482
f 437/471/477 438/472/478 442/476/482
f 438/472/478 439/473/479 442/476/482
f 439/473/479 440/474/480 442/476/482
f 440/474/480 441/475/481 442/476/482
f 441/475/481 423/457/463 442/476/482
f 446/576/483 445/478/484 448/479/485 447/575/486
s 3
f 445/478/487 444/481/488 449/482/489 448/479/490
s 4
f 444/481/491 443/483/492 450/484/493 449/482/494
s 1
f 446/477/483 447/480/486 262/297/303 263/296/302
f 447/480/486 451/485/495 264/300/306 262/297/303
f 451/485/495 455/486/496 265/302/308 264/300/306
f 455/486/496 459/487/497 266/304/310 265/302/308
f 459/487/497 463/488/498 267/306/312 266/304/310
f 463/488/498 467/489/499 268/308/314 267/306/312
f 467/489/499 471/490/500 269/310/316 268/308/314
f 471/490/500 475/491/501 270/312/318 269/310/316
f 475/491/501 479/492/502 271/314/320 270/312/318
f 479/492/502 483/493/503 272/316/322 271/314/320
f 483/493/503 487/494/504 273/318/324 272/316/322
f 487/494/504 491/495/505 274/320/326 273/318/324
f 491/495/505 495/578/506 275/322/328 274/320/326
f 495/496/506 499/497/507 276/324/330 275/579/328
f 499/497/507 503/498/508 277/326/332 276/324/330
f 503/498/508 507/499/509 278/328/334 277/326/332
f 507/499/509 511/500/510 279/330/336 278/328/334
f 511/500/510 515/501/511 280/332/338 279/330/336
f 515/501/511 519/502/512 281/334/340 280/332/338
f 519/502/512 446/477/483 263/296/302 281/334/340
s 4
f 449/482/494 450/484/493 454/503/513 453/521/514
s 1
f 447/575/486 448/479/485 452/522/515 451/574/495
s 3
f 448/479/490 449/482/489 453/521/516 452/522/517
s 4
f 453/521/514 454/503/513 458/504/518 457/523/519
s 1
f 451/574/495 452/522/515 456/524/520 455/573/496
s 3
f 452/522/517 453/521/516 457/523/521 456/524/522
s 4
f 457/523/519 458/504/518 462/505/523 461/525/524
s 1
f 455/573/496 456/524/520 460/526/525 459/572/497
s 3
f 456/524/522 457/523/521 461/525/526 460/526/527
s 4
f 461/525/524 462/505/523 466/506/528 465/527/529
s 1
f 459/572/497 460/526/525 464/528/530 463/571/498
s 3
f 460/526/527 461/525/526 465/527/531 464/528/532
s 4
f 465/527/529 466/506/528 470/507/533 469/529/534
s 1
f 463/571/498 464/528/530 468/530/535 467/570/499
s 3
f 464/528/532 465/527/531 469/529/536 468/530/537
s 4
f 469/529/534 470/507/533 474/508/538 473/531/539
s 1
f 467/570/499 468/530/535 472/532/540 471/569/500
s 3
f 468/530/537 469/529/536 473/531/541 472/532/542
s 4
f 473/531/539 474/508/538 478/509/543 477/533/544
s 1
f 471/569/500 472/532/540 476/534/545 475/568/501
s 3
f 472/532/542 473/531/541 477/533/546 476/534/547
s 4
f 477/533/544 478/509/543 482/510/548 481/535/549
s 1
f 475/568/501 476/534/545 480/536/550 479/567/502
s 3
f 476/534/547 477/533/546 481/535/551 480/536/552
s 4
f 481/535/549 482/510/548 486/511/553 485/537/554
s 1
f 479/567/502 480/536/550 484/538/555 483/566/503
s 3
f 480/536/552 481/535/551 485/537/556 484/538/557
s 4
f 485/537/554 486/511/553 490/512/558 489/539/559
s 1
f 483/566/503 484/538/555 488/540/560 487/565/504
s 3
f 484/538/557 485/537/556 489/539/561 488/540/562
s 4
f 489/539/559 490/512/558 494/513/563 493/541/564
s 1
f 487/565/504 488/540/560 492/542/565 491/564/505
s 3
f 488/540/562 489/539/561 493/541/566 492/542/567
s 4
f 493/541/564 494/513/563 498/514/568 497/581/569
s 1
f 491/564/505 492/542/565 496/582/570 495/577/506
s 3
f 492/542/567 493/541/566 497/581/571 496/582/572
s 4
f 497/543/569 498/580/568 502/515/573 501/545/574
s 1
f 495/563/506 496/544/570 500/546/575 499/562/507
s 3
f 496/544/572 497/543/571 501/545/576 500/546/577
s 4
f 501/545/574 502/515/573 506/516/578 505/547/579
s 1
f 499/562/507 500/546/575 504/548/580 503/561/508
s 3
f 500/546/577 501/545/576 505/547/581 504/548/582
s 4
f 505/547/579 506/516/578 510/517/583 509/549/584
s 1
f 503/561/508 504/548/580 508/550/585 507/560/509
s 3
f 504/548/582 505/547/581 509/549/586 508/550/587
s 4
f 509/549/584 510/517/583 514/518/588 513/551/589
s 1
f 507/560/509 508/550/585 512/552/590 511/559/510
s 3
f 508/550/587 509/549/586 513/551/591 512/552/592
s 4
f 513/551/589 514/518/588 518/519/593 517/553/594
s 1
f 511/559/510 512/552/590 516/554/595 515/558/511
s 3
f 512/552/592 513/551/591 517/553/596 516/554/597
s 4
f 517/553/594 518/519/593 522/520/598 521/555/599
s 1
f 515/558/511 516/554/595 520/556/600 519/557/512
s 3
f 516/554/597 517/553/596 521/555/601 520/556/602
s 4
f 443/483/492 444/481/491 521/555/599 522/520/598
s 3
f 444/481/488 445/478/487 520/556/602 521/555/601
s 1
f 445/478/484 446/576/483 519/557/512 520/556/600
g default
v -1.638811 0.936712 2.605290
v -1.585259 0.918661 2.718207
v -1.724463 0.944158 2.512814
v -1.833828 0.940247 2.449823
v -1.956204 0.925387 2.422491
v -2.079612 0.901032 2.433492
v -2.191967 0.869542 2.481744
v -2.282277 0.834022 2.562529
v -2.341718 0.797928 2.667926
v -2.364436 0.764811 2.787646
v -2.348224 0.737916 2.909953
v -2.294702 0.719849 3.022896
v -2.209036 0.712402 3.115387
v -2.099652 0.716301 3.178385
v -1.977257 0.731163 3.205721
v -1.853832 0.755535 3.194721
v -1.741459 0.787029 3.146462
v -1.651167 0.822559 3.065640
v -1.591742 0.858639 2.960225
v -1.569025 0.891762 2.840508
v -1.651023 1.017125 2.624026
v -1.597158 0.998966 2.737601
v -1.737175 1.024610 2.531005
v -1.847181 1.020690 2.467649
v -1.970273 1.005742 2.440158
v -2.094400 0.981232 2.451220
v -2.207414 0.949563 2.499756
v -2.298251 0.913832 2.581013
v -2.358022 0.877556 2.687042
v -2.380873 0.844257 2.807456
v -2.364568 0.817205 2.930472
v -2.310703 0.799046 3.044048
v -2.224550 0.791556 3.137065
v -2.114564 0.795533 3.200462
v -1.991465 0.810482 3.227957
v -1.867337 0.834999 3.216866
v -1.754313 0.866608 3.168317
v -1.663475 0.902338 3.087060
v -1.603706 0.938629 2.981035
v -1.580855 0.971928 2.860620
v -1.676421 1.094455 2.651413
v -1.624361 1.076922 2.761193
v -1.759691 1.101694 2.561507
v -1.866016 1.097906 2.500267
v -1.984990 1.083459 2.473694
v -2.104965 1.059767 2.484391
v -2.214196 1.029153 2.531302
v -2.301998 0.994637 2.609844
v -2.359762 0.959581 2.712330
v -2.381809 0.927388 2.828712
v -2.366050 0.901302 2.947609
v -2.313998 0.883772 3.057374
v -2.230741 0.876542 3.147268
v -2.124427 0.880334 3.208485
v -2.005475 0.894778 3.235054
v -1.885519 0.918462 3.224373
v -1.776302 0.949064 3.177467
v -1.688513 0.983575 3.098936
v -1.630732 1.018591 2.996464
v -1.608614 1.050793 2.880098
v -1.716856 1.159056 2.687279
v -1.669254 1.143030 2.787625
v -1.792969 1.165655 2.605094
v -1.890152 1.162198 2.549096
v -1.998912 1.148991 2.524805
v -2.108579 1.127330 2.534602
v -2.208430 1.099364 2.577488
v -2.288687 1.067811 2.649282
v -2.341461 1.035762 2.742972
v -2.361616 1.006355 2.849350
v -2.347217 0.982475 2.958019
v -2.299607 0.966461 3.058328
v -2.223517 0.959864 3.140489
v -2.126352 0.963308 3.196443
v -2.017633 0.976510 3.220725
v -1.908002 0.998177 3.210959
v -1.808181 1.026135 3.168088
v -1.727909 1.057699 3.096355
v -1.675119 1.089716 3.002679
v -1.654901 1.119131 2.896314
v -1.768246 1.204648 2.727928
v -1.727344 1.190857 2.814167
v -1.833663 1.210366 2.657298
v -1.917200 1.207389 2.609199
v -2.010665 1.196040 2.588324
v -2.104920 1.177427 2.596713
v -2.190725 1.153346 2.633569
v -2.259699 1.126211 2.695266
v -2.305058 1.098652 2.775781
v -2.322441 1.073324 2.867195
v -2.310012 1.052786 2.960595
v -2.269124 1.038972 3.046829
v -2.203727 1.033280 3.117475
v -2.120182 1.036266 3.165550
v -2.026725 1.047616 3.186416
v -1.932471 1.066219 3.178060
v -1.846670 1.090265 3.141181
v -1.777716 1.117423 3.079482
v -1.732294 1.144988 2.999005
v -1.714982 1.170273 2.907565
v -1.823860 1.229987 2.768655
v -1.790851 1.218861 2.838236
v -1.876631 1.234606 2.711654
v -1.944035 1.232206 2.672835
v -2.019456 1.223048 2.655989
v -2.095511 1.208027 2.662767
v -2.164740 1.188596 2.692520
v -2.220392 1.166701 2.742302
v -2.257015 1.144447 2.807252
v -2.271030 1.124036 2.881025
v -2.261043 1.107435 2.956396
v -2.228057 1.096298 3.026002
v -2.175264 1.091676 3.083006
v -2.107849 1.094081 3.121833
v -2.032414 1.103241 3.138682
v -1.956344 1.118262 3.131902
v -1.887090 1.137700 3.102165
v -1.831452 1.159601 3.052345
v -1.794840 1.181859 2.987381
v -1.780856 1.202267 2.913601
v -1.878970 1.239175 2.806844
v -1.854231 1.230829 2.858994
v -1.918530 1.242609 2.764131
v -1.969043 1.240808 2.735038
v -2.025565 1.233945 2.722414
v -2.082563 1.222690 2.727494
v -2.134458 1.208151 2.749782
v -2.176171 1.191744 2.787091
v -2.203616 1.175071 2.835776
v -2.214110 1.159747 2.891062
v -2.206621 1.147315 2.947550
v -2.181885 1.138941 2.999700
v -2.142323 1.135506 3.042419
v -2.091804 1.137306 3.071514
v -2.035277 1.144171 3.084139
v -1.978273 1.155426 3.079059
v -1.926374 1.169969 3.056769
v -1.884664 1.186372 3.019448
v -1.857224 1.203079 2.970769
v -1.846741 1.218390 2.915479
v -1.931775 1.238934 2.842189
v -1.915211 1.233348 2.877114
v -1.958268 1.241249 2.813588
v -1.992093 1.240030 2.794102
v -2.029944 1.235434 2.785649
v -2.068116 1.227911 2.789054
v -2.102865 1.218159 2.803977
v -2.130799 1.207181 2.828965
v -2.149174 1.196003 2.861563
v -2.156195 1.185731 2.898583
v -2.151181 1.177412 2.936410
v -2.134600 1.171789 2.971318
v -2.108111 1.169486 2.999918
v -2.074287 1.170692 3.019398
v -2.036441 1.175288 3.027850
v -1.998273 1.182811 3.024445
v -1.963528 1.192562 3.009526
v -1.935596 1.203590 2.984560
v -1.917217 1.214751 2.951958
v -1.910194 1.225010 2.914936
v -1.983733 1.233791 2.876312
v -1.975348 1.230944 2.893997
v -1.997153 1.234971 2.861828
v -2.014287 1.234367 2.851963
v -2.033458 1.232039 2.847681
v -2.052788 1.228215 2.849402
v -2.070386 1.223269 2.856957
v -2.084530 1.217686 2.869609
v -2.093831 1.212026 2.886122
v -2.097383 1.206806 2.904865
v -2.094841 1.202574 2.924016
v -2.086443 1.199728 2.941694
v -2.073026 1.198545 2.956174
v -2.055900 1.199174 2.966043
v -2.036734 1.201501 2.970324
v -2.017404 1.205299 2.968597
v -1.999810 1.210248 2.961044
v -1.985662 1.215824 2.948399
v -1.976359 1.221502 2.931895
v -1.972805 1.226710 2.913149
v -2.035191 1.217820 2.908803
v -1.792553 0.841469 2.764702
v -1.613384 0.848721 2.712920
v -1.600446 0.851707 2.709655
v -1.582866 0.856081 2.705295
v -1.635263 0.873757 2.594849
v -1.650370 0.868545 2.604424
v -1.661493 0.864943 2.611513
v -1.816338 0.849490 2.714566
v -1.719047 0.881042 2.504388
v -1.730197 0.875484 2.518235
v -1.738418 0.871627 2.528457
v -1.854368 0.852792 2.673501
v -1.826028 0.877231 2.442773
v -1.832127 0.871851 2.459529
v -1.836641 0.868125 2.471884
v -1.902930 0.851058 2.645531
v -1.945736 0.862694 2.416036
v -1.946182 0.858002 2.434055
v -1.946550 0.854778 2.447337
v -1.957269 0.844459 2.633394
v -2.066451 0.838855 2.426795
v -2.061197 0.835289 2.444305
v -2.057384 0.832893 2.457214
v -2.012066 0.833639 2.638278
v -2.176356 0.808051 2.473996
v -2.165913 0.805942 2.489278
v -2.158293 0.804616 2.500554
v -2.061957 0.819663 2.659707
v -2.264700 0.773288 2.553009
v -2.250087 0.772822 2.564560
v -2.239408 0.772703 2.573099
v -2.102060 0.803886 2.695574
v -2.322825 0.737967 2.656114
v -2.305467 0.739174 2.662798
v -2.292776 0.740284 2.667767
v -2.128444 0.787860 2.742379
v -2.345044 0.705567 2.773218
v -2.326638 0.708307 2.774373
v -2.313177 0.710546 2.775288
v -2.138531 0.773168 2.795540
v -2.329215 0.679226 2.892857
v -2.311560 0.683211 2.888365
v -2.298649 0.686364 2.885136
v -2.131346 0.761208 2.849846
v -2.276826 0.661547 3.003320
v -2.261644 0.666373 2.993614
v -2.250548 0.670144 2.986561
v -2.107565 0.753195 2.899991
v -2.193029 0.654255 3.093789
v -2.181804 0.659428 3.079813
v -2.173611 0.663455 3.069626
v -2.069529 0.749892 2.941057
v -2.086040 0.658055 3.155429
v -2.079867 0.663048 3.138545
v -2.075380 0.666943 3.126224
v -2.020964 0.751610 2.969035
v -1.966312 0.672594 3.182171
v -1.965791 0.676901 3.164023
v -1.965451 0.680292 3.150776
v -1.966617 0.758210 2.981174
v -1.845577 0.696442 3.171413
v -1.850755 0.699621 3.153773
v -1.854597 0.702185 3.140897
v -1.911813 0.769034 2.976290
v -1.735665 0.727260 3.124189
v -1.746033 0.728983 3.108776
v -1.753682 0.730479 3.097534
v -1.861922 0.783026 2.954854
v -1.647321 0.762029 3.045157
v -1.661857 0.762105 3.033476
v -1.672565 0.762390 3.024971
v -1.821818 0.798796 2.918979
v -1.589191 0.797349 2.942042
v -1.606471 0.795754 2.935227
v -1.619191 0.794810 2.930293
v -1.795428 0.814821 2.872171
v -1.567003 0.829747 2.824926
v -1.585333 0.826620 2.823639
v -1.598823 0.824552 2.822761
v -1.785357 0.829523 2.819008
vt 0.772236 0.680133
vt 0.754589 0.682321
vt 0.755163 0.674522
vt 0.770502 0.672510
vt 0.737315 0.679070
vt 0.740053 0.671797
vt 0.721927 0.670840
vt 0.726458 0.664736
vt 0.709401 0.658721
vt 0.715570 0.653984
vt 0.701048 0.643324
vt 0.708351 0.640493
vt 0.697740 0.625957
vt 0.705555 0.625368
vt 0.699924 0.608236
vt 0.707546 0.609996
vt 0.707518 0.591885
vt 0.714232 0.595860
vt 0.719900 0.578543
vt 0.725051 0.584371
vt 0.735955 0.569595
vt 0.739020 0.576714
vt 0.754180 0.566031
vt 0.754820 0.573730
vt 0.772812 0.568343
vt 0.770905 0.575824
vt 0.789970 0.576462
vt 0.785606 0.582911
vt 0.803735 0.589696
vt 0.797224 0.594371
vt 0.812057 0.606868
vt 0.804544 0.608941
vt 0.814460 0.625656
vt 0.806750 0.625070
vt 0.810903 0.644017
vt 0.803793 0.640951
vt 0.801925 0.660149
vt 0.796125 0.654976
vt 0.788563 0.672548
vt 0.784625 0.665817
vt 0.755618 0.666824
vt 0.768683 0.665017
vt 0.742676 0.664589
vt 0.730967 0.658645
vt 0.721701 0.649361
vt 0.715592 0.637784
vt 0.713279 0.624875
vt 0.715054 0.611811
vt 0.720815 0.599842
vt 0.730064 0.590156
vt 0.741956 0.583749
vt 0.755348 0.581310
vt 0.768917 0.583162
vt 0.781243 0.589202
vt 0.790910 0.598907
vt 0.797181 0.611072
vt 0.799144 0.624621
vt 0.796745 0.638046
vt 0.790342 0.649971
vt 0.780650 0.659240
vt 0.755949 0.659421
vt 0.766812 0.657850
vt 0.745140 0.657628
vt 0.735334 0.652723
vt 0.727626 0.644942
vt 0.722581 0.635255
vt 0.720713 0.624499
vt 0.722248 0.613656
vt 0.727087 0.603760
vt 0.734801 0.595786
vt 0.744672 0.590543
vt 0.755745 0.588596
vt 0.766915 0.590188
vt 0.777018 0.595207
vt 0.784916 0.603221
vt 0.790133 0.613181
vt 0.791826 0.624303
vt 0.789922 0.635377
vt 0.784693 0.645262
vt 0.776716 0.652991
vt 0.756162 0.652471
vt 0.764936 0.651155
vt 0.747407 0.651062
vt 0.739455 0.647115
vt 0.733213 0.640811
vt 0.729168 0.632944
vt 0.727696 0.624243
vt 0.728976 0.615497
vt 0.732916 0.607541
vt 0.739157 0.601149
vt 0.747117 0.596976
vt 0.756014 0.595454
vt 0.764951 0.596783
vt 0.773020 0.600828
vt 0.779321 0.607255
vt 0.783534 0.615209
vt 0.784935 0.624102
vt 0.783455 0.632984
vt 0.779297 0.640945
vt 0.772906 0.647197
vt 0.756225 0.646104
vt 0.763062 0.645067
vt 0.749402 0.645012
vt 0.743249 0.641906
vt 0.738404 0.637022
vt 0.735232 0.630924
vt 0.734091 0.624143
vt 0.735098 0.617333
vt 0.738171 0.611145
vt 0.743032 0.606186
vt 0.749219 0.602951
vt 0.756129 0.601774
vt 0.763081 0.602779
vt 0.769325 0.605974
vt 0.774273 0.610942
vt 0.777488 0.617154
vt 0.778576 0.624049
vt 0.777439 0.630932
vt 0.774221 0.637111
vt 0.769263 0.641977
vt 0.756269 0.640256
vt 0.761308 0.639483
vt 0.751243 0.639453
vt 0.746718 0.637153
vt 0.743137 0.633564
vt 0.740800 0.629068
vt 0.739963 0.624070
vt 0.740714 0.619052
vt 0.742987 0.614498
vt 0.746572 0.610854
vt 0.751126 0.608484
vt 0.756204 0.607628
vt 0.761303 0.608385
vt 0.765906 0.610703
vt 0.769549 0.614358
vt 0.771895 0.618938
vt 0.772694 0.624007
vt 0.771870 0.629065
vt 0.769514 0.633610
vt 0.765872 0.637197
vt 0.756291 0.634778
vt 0.759635 0.634259
vt 0.752953 0.634247
vt 0.749946 0.632718
vt 0.747559 0.630338
vt 0.746011 0.627347
vt 0.745461 0.624025
vt 0.745966 0.620692
vt 0.747481 0.617672
vt 0.749864 0.615260
vt 0.752886 0.613696
vt 0.756249 0.613137
vt 0.759624 0.613645
vt 0.762674 0.615174
vt 0.765087 0.617589
vt 0.766636 0.620625
vt 0.767166 0.623984
vt 0.766625 0.627336
vt 0.765071 0.630351
vt 0.762661 0.632735
vt 0.756289 0.629413
vt 0.757970 0.629149
vt 0.754610 0.629147
vt 0.753096 0.628379
vt 0.751893 0.627183
vt 0.751116 0.625676
vt 0.750842 0.624004
vt 0.751099 0.622327
vt 0.751865 0.620811
vt 0.753065 0.619601
vt 0.754582 0.618819
vt 0.756270 0.618543
vt 0.757962 0.618800
vt 0.759491 0.619567
vt 0.760701 0.620774
vt 0.761477 0.622296
vt 0.761743 0.623981
vt 0.761474 0.625664
vt 0.760696 0.627180
vt 0.759488 0.628380
vt 0.756274 0.623996
vt 0.773590 0.686396
vt 0.621280 0.587931
vt 0.614285 0.597565
vt 0.754032 0.688704
vt 0.622252 0.588902
vt 0.615510 0.598189
vt 0.635482 0.602140
vt 0.632183 0.606691
vt 0.734979 0.685010
vt 0.718222 0.675828
vt 0.704394 0.662678
vt 0.695102 0.645715
vt 0.691352 0.626493
vt 0.693673 0.606830
vt 0.701996 0.588646
vt 0.715645 0.573769
vt 0.733394 0.563742
vt 0.753588 0.559678
vt 0.774287 0.562142
vt 0.793442 0.571098
vt 0.809130 0.585823
vt 0.818251 0.605296
vt 0.820810 0.626246
vt 0.816735 0.646614
vt 0.806657 0.664447
vt 0.791746 0.678103
vt 0.630451 0.612038
vt 0.630456 0.617659
vt 0.632198 0.623003
vt 0.635506 0.627547
vt 0.640057 0.630846
vt 0.645404 0.632579
vt 0.651025 0.632573
vt 0.656368 0.630831
vt 0.660914 0.627524
vt 0.664214 0.622973
vt 0.665946 0.617626
vt 0.665941 0.612004
vt 0.664199 0.606660
vt 0.660891 0.602115
vt 0.656339 0.598816
vt 0.650992 0.597084
vt 0.645370 0.597089
vt 0.640027 0.598833
vt 0.611966 0.609104
vt 0.610609 0.608889
vt 0.611969 0.620580
vt 0.610611 0.620795
vt 0.615518 0.631493
vt 0.614293 0.632117
vt 0.622265 0.640775
vt 0.621294 0.641748
vt 0.631551 0.647518
vt 0.630928 0.648743
vt 0.642466 0.651063
vt 0.642251 0.652421
vt 0.653942 0.651060
vt 0.654158 0.652418
vt 0.664855 0.647511
vt 0.665480 0.648736
vt 0.674141 0.640766
vt 0.675113 0.641738
vt 0.680885 0.631479
vt 0.682110 0.632103
vt 0.684429 0.620563
vt 0.685787 0.620777
vt 0.684429 0.609085
vt 0.685787 0.608870
vt 0.680879 0.598170
vt 0.682104 0.597545
vt 0.674130 0.588885
vt 0.675102 0.587913
vt 0.664842 0.582143
vt 0.665466 0.580918
vt 0.653925 0.578599
vt 0.654140 0.577241
vt 0.642448 0.578602
vt 0.642233 0.577244
vt 0.631535 0.582155
vt 0.630911 0.580930
vt 0.630061 0.579259
vt 0.641941 0.575393
vt 0.654434 0.575390
vt 0.666318 0.579247
vt 0.676429 0.586587
vt 0.683776 0.596693
vt 0.687639 0.608576
vt 0.687640 0.621070
vt 0.683782 0.632953
vt 0.676441 0.643062
vt 0.666333 0.650405
vt 0.654453 0.654269
vt 0.641960 0.654271
vt 0.630079 0.650413
vt 0.619970 0.643073
vt 0.612625 0.632968
vt 0.608762 0.621088
vt 0.608759 0.608595
vt 0.612617 0.596714
vt 0.619956 0.586605
vt 0.793442 0.571098
vt 0.789970 0.576462
vt 0.759491 0.619567
vt 0.762674 0.615174
vt 0.765906 0.610703
vt 0.769325 0.605974
vt 0.773020 0.600828
vt 0.777018 0.595207
vt 0.781243 0.589202
vt 0.785606 0.582911
vt 0.687639 0.608576
vt 0.665941 0.612004
vt 0.684429 0.609085
vt 0.685787 0.608870
vn 0.954885 0.153782 -0.254057
vn 0.822376 0.199676 -0.532754
vn 0.798700 0.335143 -0.499758
vn 0.931481 0.288865 -0.221132
vn 0.610574 0.219036 -0.761067
vn 0.586720 0.354769 -0.727941
vn 0.340212 0.209940 -0.916614
vn 0.316296 0.345797 -0.883392
vn 0.037776 0.173262 -0.984151
vn 0.013864 0.309130 -0.950919
vn -0.267113 0.112592 -0.957065
vn -0.291011 0.248353 -0.923923
vn -0.544597 0.033888 -0.838013
vn -0.568529 0.169380 -0.805038
vn -0.767496 -0.055109 -0.638680
vn -0.791542 0.079967 -0.605860
vn -0.914034 -0.145747 -0.378549
vn -0.938252 -0.011076 -0.345775
vn -0.969850 -0.229095 -0.083105
vn -0.994216 -0.094906 -0.050269
vn -0.929526 -0.296945 0.218643
vn -0.953942 -0.163312 0.251642
vn -0.796973 -0.342791 0.497322
vn -0.821336 -0.209598 0.530544
vn -0.585151 -0.362137 0.725572
vn -0.609353 -0.229256 0.759033
vn -0.314869 -0.353037 0.881035
vn -0.338746 -0.220271 0.914730
vn -0.012499 -0.316318 0.948571
vn -0.035935 -0.183578 0.982348
vn 0.292276 -0.255628 0.921536
vn 0.269217 -0.122714 0.955230
vn 0.569752 -0.176984 0.802533
vn 0.546885 -0.043737 0.836065
vn 0.792672 -0.088022 0.603261
vn 0.769864 0.045673 0.636571
vn 0.939244 0.002555 0.343241
vn 0.916333 0.136721 0.376353
vn 0.995160 0.085869 0.047777
vn 0.972031 0.220523 0.080779
vn 0.733843 0.524081 -0.432219
vn 0.862020 0.479659 -0.163860
vn 0.529588 0.542859 -0.651798
vn 0.269172 0.534115 -0.801416
vn -0.022077 0.498797 -0.866438
vn -0.315650 0.440367 -0.840501
vn -0.582956 0.364426 -0.726193
vn -0.798004 0.278406 -0.534490
vn -0.939674 0.190771 -0.283934
vn -0.993929 0.110023 0.000781
vn -0.955422 0.044110 0.291932
vn -0.827763 -0.000570 0.561077
vn -0.623430 -0.019464 0.781637
vn -0.362374 -0.010696 0.931971
vn -0.070235 0.024750 0.997223
vn 0.224250 0.083363 0.970960
vn 0.492070 0.159442 0.855831
vn 0.707015 0.245610 0.663178
vn 0.847995 0.333325 0.412068
vn 0.901362 0.413978 0.127160
vn 0.614783 0.717502 -0.327465
vn 0.729655 0.678322 -0.086508
vn 0.431678 0.733848 -0.524520
vn 0.198091 0.725799 -0.658768
vn -0.063198 0.694095 -0.717104
vn -0.326583 0.641842 -0.693817
vn -0.566413 0.574180 -0.591180
vn -0.759449 0.497639 -0.419037
vn -0.886702 0.419601 -0.194149
vn -0.935565 0.347779 0.061377
vn -0.901157 0.289332 0.322806
vn -0.786753 0.249886 0.564427
vn -0.603459 0.233278 0.762508
vn -0.369201 0.241269 0.897485
vn -0.107206 0.273063 0.956004
vn 0.157070 0.325558 0.932385
vn 0.397436 0.393528 0.828964
vn 0.590400 0.470288 0.655940
vn 0.717035 0.548298 0.430383
vn 0.764897 0.620007 0.174709
vn 0.453644 0.868579 -0.199445
vn 0.547135 0.837042 -0.002041
vn 0.304078 0.881572 -0.361066
vn 0.112882 0.874776 -0.471196
vn -0.101018 0.848804 -0.518968
vn -0.316756 0.806189 -0.499726
vn -0.513035 0.751194 -0.415335
vn -0.670776 0.689140 -0.274128
vn -0.774632 0.625978 -0.089984
vn -0.814394 0.567945 0.119167
vn -0.786029 0.520888 0.332917
vn -0.692516 0.489234 0.530163
vn -0.542759 0.476155 0.691874
vn -0.351521 0.482949 0.801993
vn -0.137806 0.508900 0.849724
vn 0.077945 0.551510 0.830518
vn 0.274349 0.606642 0.746135
vn 0.432027 0.668863 0.604959
vn 0.535948 0.731982 0.420669
vn 0.575561 0.789910 0.211594
vn 0.277839 0.958137 -0.069133
vn 0.346346 0.935011 0.076158
vn 0.167860 0.967678 -0.188208
vn 0.027111 0.962629 -0.269463
vn -0.130346 0.943504 -0.304647
vn -0.289256 0.912157 -0.290347
vn -0.433703 0.871705 -0.228105
vn -0.549538 0.826210 -0.124032
vn -0.625602 0.780056 0.011644
vn -0.654401 0.737808 0.165528
vn -0.633281 0.703550 0.322448
vn -0.564340 0.680714 0.467065
vn -0.454392 0.671414 0.585432
vn -0.314282 0.676494 0.666020
vn -0.157641 0.695514 0.701006
vn 0.000404 0.726648 0.687010
vn 0.144566 0.766848 0.625335
vn 0.260502 0.812177 0.522022
vn 0.337088 0.858282 0.386941
vn 0.366805 0.900566 0.233312
vn 0.128413 0.991063 0.036106
vn 0.174602 0.975375 0.134749
vn 0.053877 0.997545 -0.044740
vn -0.041573 0.994133 -0.099859
vn -0.148355 0.981164 -0.123725
vn -0.256128 0.959894 -0.114024
vn -0.354070 0.932462 -0.071761
vn -0.432525 0.901621 -0.001012
vn -0.483796 0.870413 0.091231
vn -0.502872 0.841975 0.195444
vn -0.488105 0.819045 0.301529
vn -0.441245 0.803768 0.399073
vn -0.367050 0.797588 0.478672
vn -0.272564 0.801052 0.532940
vn -0.166862 0.813913 0.556509
vn -0.060351 0.834881 0.547112
vn 0.036865 0.861943 0.505663
vn 0.115408 0.892398 0.436242
vn 0.167519 0.923448 0.345227
vn 0.188035 0.952056 0.241314
vn 0.032326 0.994291 0.101687
vn 0.063709 0.983498 0.169331
vn -0.018580 0.998764 0.046093
vn -0.083921 0.996439 0.008176
vn -0.157006 0.987564 -0.008161
vn -0.230864 0.972985 -0.001362
vn -0.297846 0.954209 0.027811
vn -0.351330 0.933125 0.076455
vn -0.386282 0.911722 0.139816
vn -0.399133 0.892301 0.210929
vn -0.388790 0.876671 0.283356
vn -0.356730 0.866231 0.349841
vn -0.306234 0.862103 0.403731
vn -0.241790 0.864492 0.440672
vn -0.169593 0.873282 0.456745
vn -0.097033 0.887532 0.450412
vn -0.030929 0.905827 0.422518
vn 0.022844 0.926612 0.375324
vn 0.058610 0.947889 0.313165
vn 0.072708 0.967483 0.242261
vn -0.043271 0.987372 0.152394
vn -0.023677 0.980525 0.194962
vn -0.075283 0.990236 0.117322
vn -0.116430 0.988809 0.093284
vn -0.162420 0.983225 0.083002
vn -0.208987 0.974002 0.087434
vn -0.251098 0.962151 0.105902
vn -0.284538 0.948898 0.136498
vn -0.306467 0.935370 0.176525
vn -0.314501 0.923122 0.221214
vn -0.307847 0.913322 0.266596
vn -0.287678 0.906719 0.308387
vn -0.256267 0.904089 0.341981
vn -0.215858 0.905596 0.365105
vn -0.170033 0.911156 0.375344
vn -0.124556 0.920054 0.371466
vn -0.083520 0.931524 0.353960
vn -0.049785 0.944673 0.324214
vn -0.027150 0.958072 0.285239
vn -0.018123 0.970400 0.240823
vn -0.168504 0.957527 0.233986
vn 0.941949 -0.137862 -0.306146
vn 0.179150 -0.955133 -0.235851
vn 0.177784 -0.954578 -0.239109
vn 0.818323 -0.095349 -0.566794
vn 0.162823 -0.959055 -0.231735
vn 0.162823 -0.959055 -0.231735
vn 0.163862 -0.959242 -0.230227
vn 0.163862 -0.959242 -0.230228
vn -0.013389 -0.982846 -0.183942
vn -0.013390 -0.982845 -0.183945
vn 0.011726 -0.991308 -0.131040
vn 0.011727 -0.991308 -0.131037
vn 0.620484 -0.077565 -0.780374
vn 0.367786 -0.086232 -0.925904
vn 0.085003 -0.120532 -0.989063
vn -0.200069 -0.177105 -0.963642
vn -0.459466 -0.250374 -0.852176
vn -0.667759 -0.333173 -0.665653
vn -0.804562 -0.417502 -0.422342
vn -0.856607 -0.494833 -0.146168
vn -0.818905 -0.557631 0.135807
vn -0.694958 -0.600126 0.396082
vn -0.497128 -0.617880 0.609170
vn -0.244842 -0.609042 0.754400
vn 0.037448 -0.574737 0.817481
vn 0.322103 -0.518326 0.792204
vn 0.581314 -0.445199 0.681082
vn 0.789649 -0.362375 0.495116
vn 0.926832 -0.278179 0.252190
vn 0.979311 -0.200934 -0.024000
vn 0.051870 -0.994794 -0.087716
vn 0.051873 -0.994794 -0.087713
vn 0.175403 -0.954333 -0.241829
vn 0.165173 -0.959289 -0.229089
vn 0.165173 -0.959289 -0.229089
vn 0.103086 -0.992966 -0.058238
vn 0.103088 -0.992966 -0.058237
vn 0.172235 -0.954432 -0.243711
vn 0.166648 -0.959205 -0.228375
vn 0.166648 -0.959205 -0.228375
vn 0.160393 -0.986006 -0.045445
vn 0.160393 -0.986006 -0.045445
vn 0.168662 -0.954866 -0.244508
vn 0.168225 -0.959010 -0.228035
vn 0.168225 -0.959010 -0.228035
vn 0.218163 -0.974601 -0.050579
vn 0.218160 -0.974602 -0.050579
vn 0.165063 -0.955592 -0.244128
vn 0.169827 -0.958721 -0.228065
vn 0.169827 -0.958721 -0.228065
vn 0.270796 -0.959852 -0.073172
vn 0.270794 -0.959853 -0.073171
vn 0.161870 -0.956514 -0.242650
vn 0.171424 -0.958321 -0.228548
vn 0.171424 -0.958321 -0.228548
vn 0.313142 -0.943195 -0.111020
vn 0.313140 -0.943196 -0.111018
vn 0.159430 -0.957526 -0.240262
vn 0.172916 -0.957826 -0.229500
vn 0.172917 -0.957825 -0.229500
vn 0.340983 -0.926298 -0.160320
vn 0.340981 -0.926300 -0.160314
vn 0.157937 -0.958547 -0.237159
vn 0.174138 -0.957284 -0.230830
vn 0.174138 -0.957284 -0.230830
vn 0.351639 -0.910778 -0.216412
vn 0.351639 -0.910778 -0.216411
vn 0.157500 -0.959441 -0.233809
vn 0.174848 -0.956716 -0.232642
vn 0.174848 -0.956716 -0.232643
vn 0.344074 -0.898150 -0.273750
vn 0.344074 -0.898150 -0.273751
vn 0.158129 -0.960124 -0.230558
vn 0.174876 -0.956198 -0.234741
vn 0.174876 -0.956198 -0.234741
vn 0.318995 -0.889687 -0.326650
vn 0.318997 -0.889687 -0.326646
vn 0.159734 -0.960555 -0.227637
vn 0.174238 -0.955797 -0.236841
vn 0.174238 -0.955797 -0.236841
vn 0.278826 -0.886189 -0.370035
vn 0.278825 -0.886189 -0.370035
vn 0.162069 -0.960707 -0.225333
vn 0.172840 -0.955587 -0.238705
vn 0.172840 -0.955587 -0.238705
vn 0.227571 -0.888016 -0.399548
vn 0.227568 -0.888017 -0.399549
vn 0.164923 -0.960594 -0.223739
vn 0.170833 -0.955643 -0.239922
vn 0.170833 -0.955643 -0.239922
vn 0.170266 -0.894978 -0.412339
vn 0.170266 -0.894978 -0.412339
vn 0.168105 -0.960215 -0.222999
vn 0.168573 -0.955929 -0.240383
vn 0.168573 -0.955929 -0.240383
vn 0.112446 -0.906394 -0.407192
vn 0.112448 -0.906394 -0.407193
vn 0.171318 -0.959595 -0.223223
vn 0.166312 -0.956395 -0.240101
vn 0.166312 -0.956395 -0.240101
vn 0.059754 -0.921165 -0.384557
vn 0.059755 -0.921165 -0.384557
vn 0.174306 -0.958790 -0.224364
vn 0.164339 -0.957001 -0.239045
vn 0.164339 -0.957001 -0.239045
vn 0.017439 -0.937818 -0.346688
vn 0.017436 -0.937820 -0.346685
vn 0.176865 -0.957853 -0.226353
vn 0.163006 -0.957645 -0.237370
vn 0.163006 -0.957645 -0.237370
vn -0.010372 -0.954739 -0.297266
vn -0.010372 -0.954738 -0.297266
vn 0.178659 -0.956874 -0.229071
vn 0.162337 -0.958241 -0.235416
vn 0.162337 -0.958241 -0.235417
vn -0.021005 -0.970253 -0.241179
vn -0.021005 -0.970254 -0.241178
vn 0.179437 -0.955936 -0.232354
vn 0.162258 -0.958727 -0.233483
vn 0.162258 -0.958727 -0.233484
s 1
g Mushrooms FinalObjects pSphere3 Mushroom03
usemtl lambert2SG
f 524/591/603 523/592/604 543/593/605 544/594/606
f 523/592/604 525/595/607 545/596/608 543/593/605
f 525/595/607 526/597/609 546/598/610 545/596/608
f 526/597/609 527/599/611 547/600/612 546/598/610
f 527/599/611 528/601/613 548/602/614 547/600/612
f 528/601/613 529/603/615 549/604/616 548/602/614
f 529/603/615 530/605/617 550/606/618 549/604/616
f 530/605/617 531/607/619 551/608/620 550/606/618
f 531/607/619 532/609/621 552/610/622 551/608/620
f 532/609/621 533/611/623 553/612/624 552/610/622
f 533/611/623 534/613/625 554/614/626 553/612/624
f 534/613/625 535/615/627 555/616/628 554/614/626
f 535/615/627 536/617/629 556/881/630 555/616/628
f 536/873/629 537/619/631 557/620/632 556/618/630
f 537/619/631 538/621/633 558/622/634 557/620/632
f 538/621/633 539/623/635 559/624/636 558/622/634
f 539/623/635 540/625/637 560/626/638 559/624/636
f 540/625/637 541/627/639 561/628/640 560/626/638
f 541/627/639 542/629/641 562/630/642 561/628/640
f 542/629/641 524/591/603 544/594/606 562/630/642
f 544/594/606 543/593/605 563/631/643 564/632/644
f 543/593/605 545/596/608 565/633/645 563/631/643
f 545/596/608 546/598/610 566/634/646 565/633/645
f 546/598/610 547/600/612 567/635/647 566/634/646
f 547/600/612 548/602/614 568/636/648 567/635/647
f 548/602/614 549/604/616 569/637/649 568/636/648
f 549/604/616 550/606/618 570/638/650 569/637/649
f 550/606/618 551/608/620 571/639/651 570/638/650
f 551/608/620 552/610/622 572/640/652 571/639/651
f 552/610/622 553/612/624 573/641/653 572/640/652
f 553/612/624 554/614/626 574/642/654 573/641/653
f 554/614/626 555/616/628 575/643/655 574/642/654
f 555/616/628 556/881/630 576/880/656 575/643/655
f 556/618/630 557/620/632 577/645/657 576/644/656
f 557/620/632 558/622/634 578/646/658 577/645/657
f 558/622/634 559/624/636 579/647/659 578/646/658
f 559/624/636 560/626/638 580/648/660 579/647/659
f 560/626/638 561/628/640 581/649/661 580/648/660
f 561/628/640 562/630/642 582/650/662 581/649/661
f 562/630/642 544/594/606 564/632/644 582/650/662
f 564/632/644 563/631/643 583/651/663 584/652/664
f 563/631/643 565/633/645 585/653/665 583/651/663
f 565/633/645 566/634/646 586/654/666 585/653/665
f 566/634/646 567/635/647 587/655/667 586/654/666
f 567/635/647 568/636/648 588/656/668 587/655/667
f 568/636/648 569/637/649 589/657/669 588/656/668
f 569/637/649 570/638/650 590/658/670 589/657/669
f 570/638/650 571/639/651 591/659/671 590/658/670
f 571/639/651 572/640/652 592/660/672 591/659/671
f 572/640/652 573/641/653 593/661/673 592/660/672
f 573/641/653 574/642/654 594/662/674 593/661/673
f 574/642/654 575/643/655 595/663/675 594/662/674
f 575/643/655 576/880/656 596/879/676 595/663/675
f 576/644/656 577/645/657 597/665/677 596/664/676
f 577/645/657 578/646/658 598/666/678 597/665/677
f 578/646/658 579/647/659 599/667/679 598/666/678
f 579/647/659 580/648/660 600/668/680 599/667/679
f 580/648/660 581/649/661 601/669/681 600/668/680
f 581/649/661 582/650/662 602/670/682 601/669/681
f 582/650/662 564/632/644 584/652/664 602/670/682
f 584/652/664 583/651/663 603/671/683 604/672/684
f 583/651/663 585/653/665 605/673/685 603/671/683
f 585/653/665 586/654/666 606/674/686 605/673/685
f 586/654/666 587/655/667 607/675/687 606/674/686
f 587/655/667 588/656/668 608/676/688 607/675/687
f 588/656/668 589/657/669 609/677/689 608/676/688
f 589/657/669 590/658/670 610/678/690 609/677/689
f 590/658/670 591/659/671 611/679/691 610/678/690
f 591/659/671 592/660/672 612/680/692 611/679/691
f 592/660/672 593/661/673 613/681/693 612/680/692
f 593/661/673 594/662/674 614/682/694 613/681/693
f 594/662/674 595/663/675 615/683/695 614/682/694
f 595/663/675 596/879/676 616/878/696 615/683/695
f 596/664/676 597/665/677 617/685/697 616/684/696
f 597/665/677 598/666/678 618/686/698 617/685/697
f 598/666/678 599/667/679 619/687/699 618/686/698
f 599/667/679 600/668/680 620/688/700 619/687/699
f 600/668/680 601/669/681 621/689/701 620/688/700
f 601/669/681 602/670/682 622/690/702 621/689/701
f 602/670/682 584/652/664 604/672/684 622/690/702
f 604/672/684 603/671/683 623/691/703 624/692/704
f 603/671/683 605/673/685 625/693/705 623/691/703
f 605/673/685 606/674/686 626/694/706 625/693/705
f 606/674/686 607/675/687 627/695/707 626/694/706
f 607/675/687 608/676/688 628/696/708 627/695/707
f 608/676/688 609/677/689 629/697/709 628/696/708
f 609/677/689 610/678/690 630/698/710 629/697/709
f 610/678/690 611/679/691 631/699/711 630/698/710
f 611/679/691 612/680/692 632/700/712 631/699/711
f 612/680/692 613/681/693 633/701/713 632/700/712
f 613/681/693 614/682/694 634/702/714 633/701/713
f 614/682/694 615/683/695 635/703/715 634/702/714
f 615/683/695 616/878/696 636/877/716 635/703/715
f 616/684/696 617/685/697 637/705/717 636/704/716
f 617/685/697 618/686/698 638/706/718 637/705/717
f 618/686/698 619/687/699 639/707/719 638/706/718
f 619/687/699 620/688/700 640/708/720 639/707/719
f 620/688/700 621/689/701 641/709/721 640/708/720
f 621/689/701 622/690/702 642/710/722 641/709/721
f 622/690/702 604/672/684 624/692/704 642/710/722
f 624/692/704 623/691/703 643/711/723 644/712/724
f 623/691/703 625/693/705 645/713/725 643/711/723
f 625/693/705 626/694/706 646/714/726 645/713/725
f 626/694/706 627/695/707 647/715/727 646/714/726
f 627/695/707 628/696/708 648/716/728 647/715/727
f 628/696/708 629/697/709 649/717/729 648/716/728
f 629/697/709 630/698/710 650/718/730 649/717/729
f 630/698/710 631/699/711 651/719/731 650/718/730
f 631/699/711 632/700/712 652/720/732 651/719/731
f 632/700/712 633/701/713 653/721/733 652/720/732
f 633/701/713 634/702/714 654/722/734 653/721/733
f 634/702/714 635/703/715 655/723/735 654/722/734
f 635/703/715 636/877/716 656/876/736 655/723/735
f 636/704/716 637/705/717 657/725/737 656/724/736
f 637/705/717 638/706/718 658/726/738 657/725/737
f 638/706/718 639/707/719 659/727/739 658/726/738
f 639/707/719 640/708/720 660/728/740 659/727/739
f 640/708/720 641/709/721 661/729/741 660/728/740
f 641/709/721 642/710/722 662/730/742 661/729/741
f 642/710/722 624/692/704 644/712/724 662/730/742
f 644/712/724 643/711/723 663/731/743 664/732/744
f 643/711/723 645/713/725 665/733/745 663/731/743
f 645/713/725 646/714/726 666/734/746 665/733/745
f 646/714/726 647/715/727 667/735/747 666/734/746
f 647/715/727 648/716/728 668/736/748 667/735/747
f 648/716/728 649/717/729 669/737/749 668/736/748
f 649/717/729 650/718/730 670/738/750 669/737/749
f 650/718/730 651/719/731 671/739/751 670/738/750
f 651/719/731 652/720/732 672/740/752 671/739/751
f 652/720/732 653/721/733 673/741/753 672/740/752
f 653/721/733 654/722/734 674/742/754 673/741/753
f 654/722/734 655/723/735 675/743/755 674/742/754
f 655/723/735 656/876/736 676/875/756 675/743/755
f 656/724/736 657/725/737 677/745/757 676/744/756
f 657/725/737 658/726/738 678/746/758 677/745/757
f 658/726/738 659/727/739 679/747/759 678/746/758
f 659/727/739 660/728/740 680/748/760 679/747/759
f 660/728/740 661/729/741 681/749/761 680/748/760
f 661/729/741 662/730/742 682/750/762 681/749/761
f 662/730/742 644/712/724 664/732/744 682/750/762
f 664/732/744 663/731/743 683/751/763 684/752/764
f 663/731/743 665/733/745 685/753/765 683/751/763
f 665/733/745 666/734/746 686/754/766 685/753/765
f 666/734/746 667/735/747 687/755/767 686/754/766
f 667/735/747 668/736/748 688/756/768 687/755/767
f 668/736/748 669/737/749 689/757/769 688/756/768
f 669/737/749 670/738/750 690/758/770 689/757/769
f 670/738/750 671/739/751 691/759/771 690/758/770
f 671/739/751 672/740/752 692/760/772 691/759/771
f 672/740/752 673/741/753 693/761/773 692/760/772
f 673/741/753 674/742/754 694/762/774 693/761/773
f 674/742/754 675/743/755 695/763/775 694/762/774
f 675/743/755 676/875/756 696/874/776 695/763/775
f 676/744/756 677/745/757 697/765/777 696/764/776
f 677/745/757 678/746/758 698/766/778 697/765/777
f 678/746/758 679/747/759 699/767/779 698/766/778
f 679/747/759 680/748/760 700/768/780 699/767/779
f 680/748/760 681/749/761 701/769/781 700/768/780
f 681/749/761 682/750/762 702/770/782 701/769/781
f 682/750/762 664/732/744 684/752/764 702/770/782
f 684/752/764 683/751/763 703/771/783
f 683/751/763 685/753/765 703/771/783
f 685/753/765 686/754/766 703/771/783
f 686/754/766 687/755/767 703/771/783
f 687/755/767 688/756/768 703/771/783
f 688/756/768 689/757/769 703/771/783
f 689/757/769 690/758/770 703/771/783
f 690/758/770 691/759/771 703/771/783
f 691/759/771 692/760/772 703/771/783
f 692/760/772 693/761/773 703/771/783
f 693/761/773 694/762/774 703/771/783
f 694/762/774 695/763/775 703/771/783
f 695/763/775 696/874/776 703/771/783
f 696/764/776 697/765/777 703/771/783
f 697/765/777 698/766/778 703/771/783
f 698/766/778 699/767/779 703/771/783
f 699/767/779 700/768/780 703/771/783
f 700/768/780 701/769/781 703/771/783
f 701/769/781 702/770/782 703/771/783
f 702/770/782 684/752/764 703/771/783
f 707/871/784 706/773/785 709/774/786 708/870/787
s 3
f 706/773/788 705/776/789 710/777/790 709/774/791
s 4
f 705/776/792 704/778/793 711/779/794 710/777/795
s 1
f 707/772/784 708/775/787 523/592/604 524/591/603
f 708/775/787 712/780/796 525/595/607 523/592/604
f 712/780/796 716/781/797 526/597/609 525/595/607
f 716/781/797 720/782/798 527/599/611 526/597/609
f 720/782/798 724/783/799 528/601/613 527/599/611
f 724/783/799 728/784/800 529/603/615 528/601/613
f 728/784/800 732/785/801 530/605/617 529/603/615
f 732/785/801 736/786/802 531/607/619 530/605/617
f 736/786/802 740/787/803 532/609/621 531/607/619
f 740/787/803 744/788/804 533/611/623 532/609/621
f 744/788/804 748/789/805 534/613/625 533/611/623
f 748/789/805 752/790/806 535/615/627 534/613/625
f 752/790/806 756/872/807 536/617/629 535/615/627
f 756/791/807 760/792/808 537/619/631 536/873/629
f 760/792/808 764/793/809 538/621/633 537/619/631
f 764/793/809 768/794/810 539/623/635 538/621/633
f 768/794/810 772/795/811 540/625/637 539/623/635
f 772/795/811 776/796/812 541/627/639 540/625/637
f 776/796/812 780/797/813 542/629/641 541/627/639
f 780/797/813 707/772/784 524/591/603 542/629/641
s 4
f 710/777/795 711/779/794 715/798/814 714/816/815
s 1
f 708/870/787 709/774/786 713/817/816 712/869/796
s 3
f 709/774/791 710/777/790 714/816/817 713/817/818
s 4
f 714/816/815 715/798/814 719/799/819 718/818/820
s 1
f 712/869/796 713/817/816 717/819/821 716/868/797
s 3
f 713/817/818 714/816/817 718/818/822 717/819/823
s 4
f 718/818/820 719/799/819 723/800/824 722/820/825
s 1
f 716/868/797 717/819/821 721/821/826 720/867/798
s 3
f 717/819/823 718/818/822 722/820/827 721/821/828
s 4
f 722/820/825 723/800/824 727/801/829 726/822/830
s 1
f 720/867/798 721/821/826 725/823/831 724/866/799
s 3
f 721/821/828 722/820/827 726/822/832 725/823/833
s 4
f 726/822/830 727/801/829 731/802/834 730/824/835
s 1
f 724/866/799 725/823/831 729/825/836 728/865/800
s 3
f 725/823/833 726/822/832 730/824/837 729/825/838
s 4
f 730/824/835 731/802/834 735/803/839 734/826/840
s 1
f 728/865/800 729/825/836 733/827/841 732/864/801
s 3
f 729/825/838 730/824/837 734/826/842 733/827/843
s 4
f 734/826/840 735/803/839 739/804/844 738/828/845
s 1
f 732/864/801 733/827/841 737/829/846 736/863/802
s 3
f 733/827/843 734/826/842 738/828/847 737/829/848
s 4
f 738/828/845 739/804/844 743/805/849 742/830/850
s 1
f 736/863/802 737/829/846 741/831/851 740/862/803
s 3
f 737/829/848 738/828/847 742/830/852 741/831/853
s 4
f 742/830/850 743/805/849 747/806/854 746/832/855
s 1
f 740/862/803 741/831/851 745/833/856 744/861/804
s 3
f 741/831/853 742/830/852 746/832/857 745/833/858
s 4
f 746/832/855 747/806/854 751/807/859 750/834/860
s 1
f 744/861/804 745/833/856 749/835/861 748/860/805
s 3
f 745/833/858 746/832/857 750/834/862 749/835/863
s 4
f 750/834/860 751/807/859 755/808/864 754/836/865
s 1
f 748/860/805 749/835/861 753/837/866 752/859/806
s 3
f 749/835/863 750/834/862 754/836/867 753/837/868
s 4
f 754/836/865 755/808/864 759/809/869 758/884/870
s 1
f 752/859/806 753/837/866 757/885/871 756/882/807
s 3
f 753/837/868 754/836/867 758/884/872 757/885/873
s 4
f 758/838/870 759/883/869 763/810/874 762/840/875
s 1
f 756/858/807 757/839/871 761/841/876 760/857/808
s 3
f 757/839/873 758/838/872 762/840/877 761/841/878
s 4
f 762/840/875 763/810/874 767/811/879 766/842/880
s 1
f 760/857/808 761/841/876 765/843/881 764/856/809
s 3
f 761/841/878 762/840/877 766/842/882 765/843/883
s 4
f 766/842/880 767/811/879 771/812/884 770/844/885
s 1
f 764/856/809 765/843/881 769/845/886 768/855/810
s 3
f 765/843/883 766/842/882 770/844/887 769/845/888
s 4
f 770/844/885 771/812/884 775/813/889 774/846/890
s 1
f 768/855/810 769/845/886 773/847/891 772/854/811
s 3
f 769/845/888 770/844/887 774/846/892 773/847/893
s 4
f 774/846/890 775/813/889 779/814/894 778/848/895
s 1
f 772/854/811 773/847/891 777/849/896 776/853/812
s 3
f 773/847/893 774/846/892 778/848/897 777/849/898
s 4
f 778/848/895 779/814/894 783/815/899 782/850/900
s 1
f 776/853/812 777/849/896 781/851/901 780/852/813
s 3
f 777/849/898 778/848/897 782/850/902 781/851/903
s 4
f 704/778/793 705/776/792 782/850/900 783/815/899
s 3
f 705/776/789 706/773/788 781/851/903 782/850/902
s 1
f 706/773/785 707/871/784 780/852/813 781/851/901
g default
v -0.766036 0.067605 1.311933
v -0.845539 0.163295 0.851729
v -1.689355 0.091596 0.384485
v -2.395113 0.106428 1.015916
v -2.269126 0.070035 1.793978
v -1.380193 0.090971 1.963102
v -0.806523 1.046623 1.548360
v -1.006799 0.982612 0.767955
v -1.566450 0.860310 0.515836
v -2.269010 0.881067 1.096637
v -2.095115 0.815437 1.760440
v -1.385202 0.973803 1.992439
v -2.399015 0.212806 1.000146
v -2.673507 0.168158 0.655504
v -2.798800 0.100260 0.177885
v -2.664526 -0.048920 -0.333532
v -2.468594 0.823038 0.988116
v -2.772950 0.587856 0.576309
v -2.844398 0.365707 0.125634
v -2.687959 0.060007 -0.339912
v -2.166335 0.635059 0.193428
v -2.285563 0.473530 0.184226
v -2.447495 0.328320 0.031399
v -2.499403 0.086404 -0.306874
v -2.175844 0.085806 0.301106
v -2.282641 0.083177 0.287202
v -2.471307 0.074462 0.060389
v -2.506224 -0.022506 -0.341556
v -2.666360 0.078908 1.705673
v -2.891562 0.053800 1.640207
v -3.163760 0.025569 1.622597
v -3.492933 0.042995 1.703209
v -2.712740 0.676338 1.772344
v -3.001126 0.491952 1.680365
v -3.220292 0.336048 1.641952
v -3.481228 0.219754 1.687797
v -2.664684 0.759889 1.105935
v -3.004719 0.530043 1.169472
v -3.310548 0.315501 1.301568
v -3.605501 0.188314 1.540496
v -2.545413 0.146203 1.082292
v -2.821300 0.107650 1.161365
v -3.178139 0.028437 1.288177
v -3.546730 0.019130 1.527448
v -1.695061 0.093467 2.242931
v -2.082586 0.058264 2.428644
v -2.355578 0.032987 2.476510
v -2.552017 0.070605 2.533002
v -1.707335 0.800291 2.347196
v -2.172767 0.564880 2.569764
v -2.430055 0.374396 2.579091
v -2.573309 0.265886 2.579581
v -2.276684 0.737124 1.914032
v -2.417849 0.568966 2.065886
v -2.582324 0.385410 2.225689
v -2.689880 0.256030 2.405549
v -2.275493 0.138411 1.841796
v -2.358861 0.132546 1.964428
v -2.538049 0.087224 2.153698
v -2.688945 0.085388 2.383216
v -0.563480 0.154705 1.729471
v -0.512828 0.168234 1.965872
v -0.359420 0.158805 2.298083
v -0.151558 0.160512 2.535853
v -0.675514 0.973412 1.834613
v -0.539477 0.716152 2.209862
v -0.356706 0.503110 2.522836
v -0.111250 0.340563 2.669384
v -1.260739 0.855659 2.107249
v -1.006053 0.621983 2.367960
v -0.677386 0.378633 2.696532
v -0.243334 0.225668 2.808976
v -1.159636 0.147605 2.139645
v -0.970950 0.089193 2.362811
v -0.625243 0.019196 2.602605
v -0.173297 0.039711 2.748732
v -0.527416 0.960303 1.477062
v -0.004369 0.684422 1.280535
v 0.294270 0.406362 1.064532
v 0.660452 0.179350 0.852533
v -0.435736 0.832454 0.789130
v -0.157369 0.544330 0.801928
v 0.133126 0.285902 0.795831
v 0.568983 0.106691 0.745012
v -0.505074 0.160067 1.334184
v -0.160885 0.123662 1.243049
v 0.188048 0.053895 1.084933
v 0.617018 0.027821 0.879348
v -0.415889 0.177106 0.972757
v -0.190733 0.089453 0.972683
v 0.257083 0.007645 0.884683
v 0.611427 -0.005590 0.798668
v -1.625773 0.076030 0.349242
v -1.478472 0.014429 0.016675
v -1.401813 -0.014744 -0.284914
v -1.372715 0.000786 -0.664633
v -1.469444 0.584704 0.257505
v -1.406081 0.435369 -0.061704
v -1.350864 0.274353 -0.337785
v -1.342248 0.161040 -0.675445
v -0.916182 0.638132 0.314070
v -0.944336 0.469699 -0.012344
v -1.031413 0.264012 -0.364959
v -1.171983 0.132717 -0.714525
v -0.878064 0.057375 0.573750
v -0.898524 -0.007895 0.124483
v -0.997842 -0.056657 -0.284651
v -1.155271 -0.029687 -0.692391
v -1.753596 0.953304 1.920091
v -1.913648 0.830370 2.125313
v -2.280411 0.625359 2.348449
v -2.498198 0.438009 2.420937
v -2.619203 0.320690 2.511062
v -2.218523 0.908189 1.417152
v -2.689118 0.775703 1.444755
v -3.002909 0.569147 1.426850
v -3.261445 0.384973 1.486753
v -3.536680 0.264018 1.622068
v -1.981433 0.918506 0.714821
v -2.294502 0.788420 0.530399
v -2.566376 0.613052 0.410127
v -2.662457 0.422221 0.082436
v -2.601979 0.145696 -0.324847
v -1.252956 0.956663 0.569152
v -1.194096 0.690885 0.285655
v -1.200538 0.528149 -0.039731
v -1.233810 0.344927 -0.347742
v -1.271192 0.225610 -0.691755
v -0.847437 1.104482 1.138164
v -0.476511 0.959571 1.095086
v -0.075838 0.689239 1.056970
v 0.221452 0.422185 0.943110
v 0.610486 0.209916 0.793799
v -0.981402 1.070724 1.775478
v -0.953104 0.977474 1.963932
v -0.780932 0.727334 2.291679
v -0.510909 0.503169 2.606359
v -0.173464 0.346361 2.735134
v -1.007537 1.483128 1.166632
v -1.135772 1.361258 0.884514
v -1.319578 1.335309 0.725437
v -1.563820 1.238956 0.691681
v -1.886312 1.297152 0.833278
v -2.101171 1.259713 1.135906
v -2.065855 1.286835 1.381590
v -1.968168 1.194083 1.643614
v -1.708340 1.331950 1.770209
v -1.425193 1.352449 1.821059
v -1.105072 1.449369 1.656010
v -0.982591 1.425269 1.481406
v -1.008474 2.001838 1.176392
v -1.129181 1.934850 0.920709
v -1.363689 1.870871 0.761816
v -1.649162 1.827046 0.742290
v -1.909109 1.815116 0.867362
v -2.073874 1.838279 1.103519
v -2.099313 1.890328 1.387484
v -1.978606 1.957316 1.643167
v -1.744097 2.021295 1.802059
v -1.458624 2.065120 1.821585
v -1.198678 2.077050 1.696514
v -1.033912 2.053887 1.460356
v -1.059644 2.581475 1.215328
v -1.180821 2.587762 0.970277
v -1.407242 2.570836 0.817697
v -1.678239 2.535232 0.798471
v -1.921198 2.490490 0.917749
v -2.071018 2.448599 1.143573
v -2.087555 2.420784 1.415432
v -1.966378 2.414497 1.660482
v -1.739956 2.431423 1.813062
v -1.468959 2.467027 1.832289
v -1.226000 2.511769 1.713010
v -1.076181 2.553660 1.487187
v -1.964280 2.213250 1.648455
v -2.081343 2.190796 1.402534
v -2.060823 2.190045 1.130249
v -1.908221 2.211199 0.904559
v -1.664424 2.248589 0.785937
v -1.394758 2.292197 0.806168
v -1.171480 2.330337 0.959831
v -1.054416 2.352791 1.205752
v -1.074935 2.353541 1.478037
v -1.227538 2.332387 1.703727
v -1.471335 2.294998 1.822349
v -2.036307 3.253343 1.520141
v -2.129613 3.291862 1.233137
v -1.996531 3.319295 1.121372
v -1.784854 3.129328 0.858078
v -1.487912 3.129328 0.736321
v -1.323332 3.107937 0.832337
v -1.173394 3.107937 0.978094
v -1.048672 3.107938 1.225277
v -1.043650 3.107937 1.490910
v -1.132500 3.107937 1.641368
v -1.472426 3.107936 1.786768
v -1.739375 3.107936 1.741867
v -1.821257 2.768331 1.734581
v -1.926046 2.684323 1.610614
v -2.057523 2.699952 1.415071
v -2.086168 2.711709 1.196760
v -1.894701 2.774410 0.918072
v -1.609041 2.710614 0.796911
v -1.384568 2.784818 0.823091
v -1.225512 2.775046 0.970332
v -1.097644 2.847958 1.224656
v -1.083062 2.746723 1.496847
v -1.175339 2.754492 1.654335
v -1.556461 2.763468 1.818068
v -1.691894 3.749535 1.680481
v -1.364268 3.768511 1.706246
v -1.682099 3.753386 1.460217
v -1.412508 3.816433 1.585094
v -1.326755 3.728682 1.649113
v -1.364649 3.766328 1.553941
v -1.706344 3.703382 1.204809
v -1.431463 3.847775 1.452173
v -1.379540 3.790948 1.449525
v -1.433728 3.686749 1.129154
v -1.300127 3.796586 1.241403
v -1.276369 3.750737 1.283953
v -1.231271 3.622449 1.046508
v -1.158885 3.723583 1.137155
v -1.165415 3.693389 1.202061
v -1.071783 3.556781 1.069976
v -1.036235 3.648624 1.125509
v -1.069068 3.634505 1.192913
v -0.967874 3.497411 1.183104
v -0.943753 3.580509 1.195772
v -0.996417 3.580997 1.248109
v -0.886765 3.433692 1.373904
v -0.858388 3.507146 1.332173
v -0.929359 3.523366 1.355259
v -0.894310 3.402025 1.577904
v -0.837828 3.470279 1.495928
v -0.913208 3.494405 1.483897
v -0.965897 3.410251 1.692710
v -0.876770 3.479229 1.600888
v -0.943799 3.501436 1.566348
v -1.221590 3.490690 1.801604
v -1.054570 3.570536 1.736140
v -1.083471 3.573161 1.672596
v -1.415663 3.571968 1.764969
v -1.204854 3.663342 1.743885
v -1.201527 3.646065 1.678679
v -1.148793 3.637929 1.444888
v -1.987034 3.535139 1.001511
v -1.633371 3.551332 0.921268
v -1.316628 3.545101 0.823527
v -1.177051 3.455959 0.910032
v -1.030599 3.409565 1.050746
v -0.910961 3.344692 1.291662
v -0.910580 3.288722 1.552841
v -1.001474 3.266790 1.702398
v -1.341756 3.272666 1.851417
v -1.621887 3.310480 1.841292
v -1.891646 3.412098 1.738108
v -2.473059 4.311312 1.512754
v -2.552377 4.739367 1.391819
v -2.750817 5.297815 1.363688
v -2.673444 5.713947 1.522336
v -2.481331 6.171386 1.689520
v -2.591677 4.331570 1.283765
v -2.599328 4.721163 1.228408
v -2.760300 5.346160 1.261326
v -2.705873 5.772373 1.420323
v -2.463790 6.251776 1.625972
v -2.305737 4.448207 1.536576
v -2.435218 4.832374 1.474244
v -2.609329 5.424594 1.476960
v -2.570992 5.688145 1.581970
v -2.404338 6.126723 1.726133
v -2.496285 4.355350 1.086486
v -2.548567 4.788427 1.079736
v -2.744672 5.305464 1.156328
v -2.650203 5.829946 1.331772
v -2.493170 6.258765 1.528140
v -2.161387 4.377446 0.981629
v -2.429830 4.901754 1.032892
v -2.595386 5.434431 1.078897
v -2.539808 5.853651 1.305998
v -2.395390 6.262275 1.514159
v -1.963240 4.490147 1.262612
v -2.265721 5.012965 1.278729
v -2.432512 5.506826 1.302836
v -2.399869 5.761693 1.475559
v -2.298522 6.141114 1.606817
v -2.087723 4.503571 1.112054
v -2.312671 4.994761 1.115318
v -2.473888 5.487250 1.155293
v -2.433504 5.820416 1.366365
v -2.323714 6.199723 1.532758
v -2.099560 4.421525 1.610862
v -2.316480 4.945702 1.427401
v -2.488643 5.482702 1.432702
v -2.458155 5.708451 1.562983
v -2.333148 6.111577 1.684201
v -2.694987 5.078606 1.256810
v -2.698973 5.120446 1.157330
v -2.522258 5.188989 1.055637
v -2.402446 5.259742 1.132008
v -2.356306 5.273590 1.286079
v -2.410915 5.222672 1.427610
v -2.534166 5.136209 1.473662
v -2.706411 5.109210 1.357197
v -2.576830 5.286551 1.473679
v -2.729200 5.196498 1.401295
v -2.718697 5.212687 1.115452
v -2.562168 5.321448 1.069732
v -2.442021 5.379654 1.143098
v -2.398770 5.397567 1.293341
v -2.454659 5.362042 1.428577
v -3.130249 4.976972 1.323487
v -3.570668 4.987722 1.394856
v -3.925811 5.109966 1.452467
v -4.137335 5.314603 1.486654
v -3.151148 5.010211 1.231904
v -3.578840 5.016361 1.318359
v -3.926571 5.131487 1.392136
v -4.133265 5.327483 1.442911
v -4.096760 5.362623 1.479273
v -3.170358 5.092738 1.194543
v -3.573708 5.087322 1.284463
v -3.908735 5.184813 1.363550
v -4.109126 5.359396 1.420677
v -3.267121 5.042076 1.494244
v -3.402451 5.025316 1.495931
v -3.906899 5.132857 1.509201
v -4.118950 5.328302 1.526282
v -3.246800 5.104398 1.460327
v -3.438188 5.080696 1.462713
v -3.880913 5.186749 1.529104
v -4.088887 5.360555 1.538581
v -3.282534 5.159777 1.427108
v -3.417865 5.143018 1.428795
v -3.863079 5.240076 1.500517
v -4.064749 5.392469 1.516346
v -3.166624 5.211468 1.325929
v -3.541579 5.189499 1.387313
v -3.863837 5.261596 1.440186
v -4.060681 5.405349 1.472603
v -3.177182 5.176280 1.233493
v -3.558273 5.159039 1.313025
v -3.882750 5.238706 1.383452
v -4.079060 5.391649 1.432975
v -2.223925 6.621746 1.853340
v -2.061866 6.974034 1.962993
v -2.052159 7.302155 2.076699
v -2.239499 6.655762 1.779674
v -2.074927 6.999347 1.903673
v -2.062004 7.318037 2.033236
v -2.193031 6.553443 1.871649
v -2.011383 6.951310 1.992662
v -2.013534 7.297570 2.102436
v -2.013477 7.326967 1.995992
v -2.202323 6.668308 1.706871
v -2.042911 7.012417 1.849449
v -2.037295 7.335907 1.997504
v -2.133402 6.650880 1.678826
v -1.984577 7.005589 1.832084
v -1.992514 7.345301 1.990436
v -2.089096 6.533957 1.751490
v -1.921037 6.957559 1.921075
v -1.944042 7.324835 2.059637
v -2.073183 6.614154 1.712920
v -1.934097 6.982870 1.861754
v -1.953886 7.340715 2.016172
v -2.131655 6.575345 1.814577
v -1.953051 6.944487 1.975299
v -1.968748 7.306962 2.095368
v -2.160406 3.832301 1.690266
v -2.357508 3.852881 1.621293
v -2.386439 3.695584 1.266898
v -2.316492 3.836471 1.113605
v -2.021191 3.958177 1.047453
v -1.901166 3.945235 1.192620
v -1.830140 4.066842 1.318372
v -1.997445 3.962206 1.714732
v -2.524512 4.052933 1.569028
v -2.529157 4.045624 1.305371
v -2.432738 4.095950 1.075929
v -2.129894 4.149186 0.921023
v -1.828188 4.320789 1.348858
v -1.955897 4.225578 1.716585
v -1.625884 4.081462 0.520554
v -1.370788 4.214518 0.217715
v -1.243087 4.430000 0.001303
v -1.130965 4.758961 -0.219854
v -0.954958 5.476036 -0.257926
v -1.492825 4.074506 0.625133
v -1.249925 4.203733 0.298041
v -1.132061 4.413132 0.048104
v -1.041581 4.738083 -0.186088
v -0.899300 5.463457 -0.238492
v -1.819401 4.260411 0.567945
v -1.464908 4.321239 0.187243
v -1.330551 4.513414 0.015221
v -1.206093 4.812853 -0.187971
v -1.008071 5.486349 -0.231351
v -0.949021 5.471759 -0.177464
v -1.315604 4.258711 0.711016
v -1.167902 4.286219 0.427850
v -1.062509 4.472693 0.128206
v -0.990304 4.762450 -0.106450
v -0.873702 5.455982 -0.184430
v -1.385052 4.366184 0.735390
v -1.189526 4.405086 0.379159
v -1.075175 4.573793 0.194692
v -1.007169 4.817789 -0.027591
v -0.893159 5.457990 -0.127413
v -1.749725 4.357141 0.582394
v -1.477149 4.461382 0.224478
v -1.343216 4.614514 0.081705
v -1.222959 4.868191 -0.109111
v -1.027528 5.488358 -0.174332
v -1.745556 4.447806 0.661026
v -1.400342 4.552854 0.307604
v -1.273664 4.674075 0.161809
v -1.171682 4.892559 -0.029474
v -1.001930 5.480884 -0.120270
v -1.392383 4.485051 0.682622
v -1.249537 4.512559 0.421772
v -1.162638 4.657208 0.208609
v -1.082298 4.871681 0.004293
v -0.946273 5.468305 -0.100836
v -1.333300 4.545681 0.583623
v -1.482815 4.523250 0.441041
v -1.553363 4.421066 0.348345
v -1.540985 4.267553 0.325047
v -1.452932 4.152638 0.384798
v -1.340786 4.143634 0.492592
v -1.224720 4.225589 0.623778
v -0.963483 4.343619 0.901795
v -0.578392 4.677164 1.170341
v -0.205374 5.195305 1.457246
v -0.998341 4.431693 0.934265
v -0.631623 4.728565 1.186216
v -0.252749 5.219332 1.477040
v -0.909094 4.313598 0.823266
v -0.534695 4.662135 1.110406
v -0.183795 5.185741 1.405705
v -0.249570 5.220160 1.400623
v -0.993246 4.526228 0.901654
v -0.663207 4.786226 1.148729
v -0.298169 5.243751 1.453495
v -0.951185 4.571846 0.823066
v -0.654641 4.816370 1.079842
v -0.315027 5.254252 1.400398
v -0.867032 4.359217 0.744678
v -0.526129 4.692280 1.041520
v -0.200653 5.196244 1.352610
v -0.861938 4.453752 0.712067
v -0.557713 4.749941 1.004033
v -0.246073 5.220663 1.329063
v -0.896795 4.541826 0.744536
v -0.610945 4.801341 1.019907
v -0.293448 5.244690 1.348857
v -0.944358 5.097875 -0.126670
v -1.010088 5.134968 -0.090405
v -1.086096 5.159828 -0.116020
v -1.127858 5.157891 -0.188515
v -1.110910 5.130292 -0.265423
v -1.045181 5.093201 -0.301689
v -0.969172 5.068340 -0.276072
v -0.927410 5.070276 -0.203577
v -1.065714 3.583125 1.697791
v -1.195853 3.663491 1.704497
v -1.333898 3.754563 1.671904
v -1.375671 3.796061 1.566992
v -1.392085 3.823201 1.451889
v -1.278355 3.778874 1.269372
v -1.156046 3.715657 1.179098
v -1.049837 3.650746 1.169014
v -0.969751 3.591762 1.229859
v -0.895830 3.528234 1.347976
v -0.878026 3.496308 1.489779
v -0.911747 3.504058 1.580669
v -2.581710 5.943499 1.607353
v -2.606691 5.957546 1.522816
v -2.592328 6.021866 1.462612
v -2.482603 6.016656 1.400897
v -2.392502 5.964795 1.440533
v -2.361440 5.905630 1.533321
v -2.408452 5.867493 1.600762
v -2.499561 5.864744 1.618763
v -2.547343 6.104400 1.462000
v -2.444059 6.087617 1.455322
v -2.365888 6.033958 1.483151
v -2.338756 5.976864 1.563206
v -2.377623 5.943735 1.634167
v -2.456553 5.948047 1.662261
v -2.531981 5.991017 1.671410
v -2.710924 6.083372 1.722873
v -2.828237 6.215990 1.952750
v -3.154047 6.652441 2.232751
v -2.752254 6.111617 1.662869
v -2.865565 6.249055 1.891306
v -3.162591 6.675213 2.189344
v -2.650530 6.110018 1.765790
v -2.771637 6.231874 1.995248
v -3.117783 6.642501 2.255556
v -3.105162 6.674379 2.197722
v -2.744792 6.135108 1.614079
v -2.861955 6.312229 1.847076
v -3.138412 6.697482 2.150769
v -2.698243 6.220249 1.611334
v -2.819022 6.368096 1.845878
v -3.095669 6.706200 2.139615
v -2.596860 6.225316 1.721297
v -2.724646 6.350227 1.949641
v -3.050862 6.673486 2.205827
v -2.637465 6.261644 1.657028
v -2.762146 6.383901 1.888524
v -3.059407 6.696260 2.162423
v -2.603291 6.177094 1.767360
v -2.728606 6.287236 1.993771
v -3.075040 6.651218 2.244406
v -3.331594 5.009321 1.508992
v -3.370844 4.982776 1.362408
v -3.384432 5.013570 1.278862
v -3.390127 5.089873 1.243363
v -3.384595 5.166988 1.276707
v -3.371075 5.199743 1.359362
v -3.353392 5.175774 1.414048
v -3.290246 5.089146 1.545910
v -3.275232 5.135195 1.520848
v -3.337886 5.064942 1.556807
v -3.301635 5.176116 1.496303
v -3.353993 5.187935 1.486652
v -3.416649 5.117682 1.522611
v -3.390245 5.076762 1.547156
v -3.401632 5.163732 1.497549
v -3.276883 5.220094 1.816498
v -3.272871 5.251973 1.798784
v -3.311148 5.207992 1.821350
v -3.285311 5.282095 1.781116
v -3.321986 5.285706 1.776985
v -3.360266 5.241725 1.799549
v -3.347718 5.210997 1.817564
v -3.356359 5.274207 1.781489
v -3.327083 5.320529 1.935129
v -3.319932 5.336109 1.923876
v -3.345698 5.331441 1.919566
v -3.345284 5.311322 1.937236
v -3.328016 5.348934 1.910069
v -3.346603 5.351493 1.901796
v -3.371959 5.326706 1.915154
v -3.363874 5.313881 1.928962
v -3.364804 5.342286 1.903901
v -2.364619 4.110026 2.155683
v -2.468234 4.487429 2.649354
v -2.411340 5.128739 3.406830
v -2.515996 4.123550 2.092897
v -2.585134 4.471343 2.565356
v -2.476552 5.140577 3.391168
v -2.599798 4.242309 2.016000
v -2.637616 4.565767 2.518426
v -2.506532 5.178030 3.349129
v -2.234344 4.209658 2.167578
v -2.291658 4.802888 2.921092
v -2.349096 5.149450 3.386939
v -2.201483 4.364084 2.121615
v -2.298550 4.842319 2.848911
v -2.326283 5.190578 3.343147
v -2.436661 4.496367 1.981932
v -2.478622 4.839687 2.629273
v -2.421473 5.239869 3.285446
v -2.566938 4.396735 1.970036
v -2.593820 4.717339 2.542935
v -2.483718 5.219158 3.305337
v -2.285285 4.482842 2.044717
v -2.321634 4.920733 2.834909
v -2.356262 5.228030 3.301107
v -2.357404 4.966808 3.054079
v -2.336508 4.881993 3.049181
v -2.418952 4.994688 3.262470
v -2.503033 4.994202 3.220131
v -2.539651 5.050746 3.177693
v -2.505437 5.130639 3.166914
v -2.424999 5.184808 3.192480
v -2.364341 4.998343 2.977175
v -2.304993 4.832147 3.016910
v -2.450142 4.718589 2.920826
v -2.554513 4.714582 2.861354
v -2.601720 4.791312 2.811564
v -2.562876 4.906359 2.807461
v -2.457141 5.005836 2.881380
v -2.346329 4.998793 2.903389
v -2.124636 4.831023 2.916106
v -1.856117 4.926217 2.829072
v -1.319901 5.116633 2.642347
v -2.131391 4.871258 2.862292
v -1.888319 4.954775 2.795970
v -1.339808 5.135172 2.623445
v -1.335393 5.150467 2.661908
v -2.115270 4.840913 2.982249
v -1.839766 4.931372 2.880593
v -1.309010 5.118325 2.673588
v -2.131578 4.938049 2.852332
v -1.917509 5.000318 2.800677
v -1.357072 5.163084 2.627951
v -2.125091 4.992272 2.892059
v -1.926587 5.036167 2.840436
v -1.361578 5.184016 2.653228
v -2.108973 4.961927 3.012014
v -1.878033 5.012764 2.925058
v -1.330780 5.167169 2.703370
v -2.108783 4.895136 3.021976
v -1.848843 4.967221 2.920352
v -1.313516 5.139257 2.698863
v -2.115726 5.002162 2.958202
v -1.910235 5.041322 2.891957
v -1.350688 5.185708 2.684467
v -2.410061 5.453928 3.526325
v -2.462922 5.450120 3.511963
v -2.415486 5.464655 3.455558
v -2.488787 5.454232 3.467700
v -2.361168 5.463425 3.502371
v -2.344882 5.473047 3.454132
v -2.423606 5.473350 3.395508
v -2.472499 5.463854 3.419462
v -2.370745 5.477158 3.409869
v -2.866191 6.422250 2.116745
v -2.909112 6.391106 2.123319
v -2.955314 6.388746 2.091222
v -2.977733 6.416471 2.039049
v -2.963302 6.458258 1.997527
v -2.920466 6.489708 1.991173
v -2.874266 6.492181 2.023545
v -2.851761 6.464152 2.075490
v -1.973378 4.336431 0.801525
v -1.977548 4.245767 0.722894
v -1.945714 4.009574 0.917959
v -1.811869 3.996530 1.069259
v -1.714170 4.141415 1.199439
v -1.744968 4.329314 1.233651
v -1.835874 4.478530 1.151597
v -1.903702 4.433162 0.815974
v -1.913768 4.214278 0.626142
v -1.778497 4.047159 0.710184
v -1.645064 4.037298 0.837056
v -1.505787 4.202741 0.944078
v -1.556794 4.348591 0.973145
v -1.604003 4.481939 0.906403
v -1.809335 4.479294 0.757778
v -2.316642 4.732202 0.287249
v -2.560715 5.103012 -0.016690
v -2.747775 5.474622 -0.186262
v -2.902204 5.855803 -0.269224
v -2.316976 4.652447 0.224387
v -2.569431 5.048374 -0.078583
v -2.761871 5.443878 -0.241165
v -2.916357 5.842074 -0.310728
v -2.860876 5.866770 -0.313636
v -2.254704 4.617767 0.152053
v -2.524750 5.027813 -0.145462
v -2.732505 5.436433 -0.298089
v -2.898450 5.842772 -0.353040
v -2.253898 4.810312 0.303818
v -2.503710 5.159720 0.003962
v -2.698476 5.510656 -0.165541
v -2.864274 5.875916 -0.252838
v -2.165496 4.841021 0.264389
v -2.431807 5.185280 -0.028726
v -2.642850 5.530871 -0.191144
v -2.824792 5.890629 -0.271171
v -2.103557 4.726587 0.129193
v -2.395840 5.110084 -0.157498
v -2.627580 5.492683 -0.302972
v -2.821041 5.877599 -0.354987
v -2.166303 4.648477 0.112622
v -2.452844 5.053374 -0.178149
v -2.676880 5.456649 -0.323690
v -2.858967 5.857487 -0.371372
v -2.103224 4.806341 0.192055
v -2.387125 5.164721 -0.095605
v -2.613484 5.523426 -0.248070
v -2.806882 5.891327 -0.313484
v -2.238465 6.400650 1.857127
v -2.361800 6.389625 1.773445
v -2.359546 6.447051 1.700618
v -2.358936 6.461686 1.612270
v -2.270994 6.453948 1.591102
v -2.200857 6.402846 1.617793
v -2.134530 6.381165 1.736967
v -2.195908 6.359263 1.794039
v -2.237273 6.481081 1.889274
v -2.281730 6.524430 1.819844
v -2.289830 6.568260 1.746530
v -2.267952 6.581782 1.667234
v -2.191086 6.568316 1.642048
v -2.126654 6.525655 1.673064
v -2.090287 6.453526 1.719342
v -2.073867 6.364933 2.007186
v -1.990146 6.436706 2.236798
v -1.799995 6.592626 2.554091
v -2.142939 6.354784 2.020168
v -2.040122 6.429600 2.259612
v -1.832840 6.589490 2.576309
v -2.031065 6.421532 2.004514
v -1.962934 6.479573 2.214652
v -1.783960 6.621142 2.531466
v -1.829072 6.640794 2.551528
v -2.197818 6.397027 2.035855
v -2.083583 6.462418 2.269730
v -1.863252 6.613571 2.585107
v -2.206360 6.466918 2.045058
v -2.095076 6.515934 2.261226
v -1.873418 6.650764 2.575330
v -2.039607 6.491422 2.013717
v -1.974426 6.533090 2.206150
v -1.794124 6.658335 2.521689
v -2.094486 6.533667 2.029403
v -2.017889 6.565908 2.216267
v -1.824537 6.682418 2.530487
v -2.163557 6.523516 2.042385
v -2.067864 6.558802 2.239080
v -1.857381 6.679281 2.552704
v -1.741001 2.251390 1.802118
vt 0.288380 0.609157
vt 0.715994 0.364539
vt 0.281347 0.536194
vt 0.287850 0.597824
vt 0.331911 0.545192
vt 0.334543 0.588436
vt 0.375858 0.545210
vt 0.383812 0.570974
vt 0.429211 0.544231
vt 0.435201 0.553767
vt 0.758885 0.367909
vt 0.312346 0.499757
vt 0.339816 0.520107
vt 0.377114 0.525628
vt 0.425013 0.532323
vt 0.797735 0.383398
vt 0.998615 0.699145
vt 0.385846 0.438714
vt 0.342994 0.475449
vt 0.400373 0.467908
vt 0.362309 0.485055
vt 0.411491 0.491908
vt 0.387548 0.504287
vt 0.440822 0.519687
vt 0.429425 0.522249
vt 0.553473 0.605090
vt 0.655892 0.353091
vt 0.573040 0.535381
vt 0.593803 0.588547
vt 0.607693 0.535299
vt 0.617107 0.579470
vt 0.635953 0.536523
vt 0.642638 0.569265
vt 0.666051 0.539650
vt 0.673736 0.555914
vt 0.690276 0.351596
vt 0.570512 0.504289
vt 0.607854 0.508817
vt 0.638877 0.518291
vt 0.669740 0.530685
vt 0.607635 0.421916
vt 0.573628 0.473154
vt 0.631531 0.442364
vt 0.612327 0.483486
vt 0.662946 0.469739
vt 0.647352 0.498581
vt 0.690321 0.506025
vt 0.679652 0.521238
vt 0.106683 0.383731
vt 0.998882 0.365670
vt 0.065460 0.307713
vt 0.127780 0.344025
vt 0.105645 0.274013
vt 0.148412 0.300570
vt 0.127119 0.253208
vt 0.158484 0.271383
vt 0.139556 0.241152
vt 0.158746 0.248944
vt 0.629853 0.326802
vt 0.050418 0.281994
vt 0.090478 0.256394
vt 0.114228 0.239507
vt 0.132131 0.232601
vt 0.063239 0.179691
vt 0.051706 0.239690
vt 0.078490 0.183767
vt 0.076322 0.229456
vt 0.106542 0.188847
vt 0.104176 0.219775
vt 0.133392 0.200067
vt 0.129093 0.217182
vt 0.339018 0.328564
vt 0.927314 0.373112
vt 0.440196 0.359996
vt 0.372084 0.406060
vt 0.447066 0.407956
vt 0.387909 0.423828
vt 0.448625 0.451974
vt 0.407508 0.453680
vt 0.442054 0.485473
vt 0.420283 0.481455
vt 0.952890 0.366649
vt 0.471384 0.357429
vt 0.472781 0.401949
vt 0.465605 0.449072
vt 0.450877 0.485443
vt 0.552960 0.418356
vt 0.508160 0.360922
vt 0.537277 0.443391
vt 0.499508 0.403654
vt 0.512204 0.479564
vt 0.486929 0.452945
vt 0.475549 0.511260
vt 0.465008 0.493198
vt 0.854823 0.376046
vt 0.890358 0.364361
vt 0.174344 0.154994
vt 0.193847 0.180023
vt 0.221316 0.143967
vt 0.232960 0.171462
vt 0.262922 0.137942
vt 0.271321 0.159862
vt 0.309541 0.128275
vt 0.315100 0.138981
vt 0.200438 0.052060
vt 0.158198 0.121536
vt 0.235045 0.068542
vt 0.218474 0.121945
vt 0.271399 0.084745
vt 0.263485 0.122462
vt 0.314002 0.104477
vt 0.311896 0.120307
vt 0.217507 0.253246
vt 0.248197 0.217771
vt 0.268655 0.203679
vt 0.301480 0.171593
vt 0.326640 0.145470
vt 0.943276 0.691336
vt 0.997729 0.692039
vt 0.953393 0.654964
vt 0.996421 0.656081
vt 0.964460 0.622809
vt 0.994878 0.626176
vt 0.977155 0.588352
vt 0.993063 0.589489
vt 0.826592 0.377062
vt 0.913098 0.682797
vt 0.931867 0.650772
vt 0.950858 0.618744
vt 0.968283 0.585445
vt 0.838212 0.627553
vt 0.888369 0.667415
vt 0.875207 0.601772
vt 0.909166 0.638146
vt 0.910518 0.579728
vt 0.933281 0.604818
vt 0.949429 0.561992
vt 0.959438 0.575022
vt 0.855957 0.334365
vt 0.889758 0.323937
vt 0.802505 0.340708
vt 0.830053 0.335269
vt 0.727398 0.323108
vt 0.766790 0.328658
vt 0.671105 0.313108
vt 0.702533 0.313213
vt 0.983881 0.326955
vt 0.647059 0.290128
vt 0.923439 0.329673
vt 0.945556 0.325369
vt 0.862710 0.276812
vt 0.891216 0.271141
vt 0.804003 0.280690
vt 0.833518 0.280613
vt 0.746980 0.267432
vt 0.774947 0.276154
vt 0.695382 0.240544
vt 0.720788 0.254639
vt 0.976960 0.260110
vt 0.670199 0.225827
vt 0.919755 0.265989
vt 0.948317 0.261775
vt 0.865922 0.236265
vt 0.894051 0.235385
vt 0.809584 0.237562
vt 0.837772 0.237246
vt 0.753910 0.231845
vt 0.781518 0.236019
vt 0.701055 0.215615
vt 0.727042 0.224924
vt 0.921977 0.235227
vt 0.949750 0.236358
vt 0.650952 0.192023
vt 0.895876 0.212162
vt 0.868559 0.210242
vt 0.867833 0.190803
vt 0.897313 0.185104
vt 0.840896 0.208715
vt 0.813106 0.208399
vt 0.822457 0.191737
vt 0.846128 0.187300
vt 0.785463 0.207820
vt 0.758193 0.205787
vt 0.758234 0.178118
vt 0.792547 0.180105
vt 0.731390 0.202036
vt 0.705236 0.196141
vt 0.712918 0.169631
vt 0.736340 0.174097
vt 0.680089 0.186773
vt 0.655065 0.175582
vt 0.671628 0.150074
vt 0.698642 0.157514
vt 0.950115 0.218594
vt 0.923106 0.214887
vt 0.924734 0.195263
vt 0.943285 0.194397
vt 0.358420 0.118819
vt 0.638427 0.141235
vt 0.638615 0.109316
vt 0.646805 0.093067
vt 0.373692 0.308778
vt 0.402067 0.311061
vt 0.419883 0.312551
vt 0.439178 0.311671
vt 0.465696 0.313602
vt 0.492620 0.321544
vt 0.512072 0.331860
vt 0.550413 0.347590
vt 0.505205 0.528203
vt 0.405512 0.175732
vt 0.505685 0.541885
vt 0.501119 0.530311
vt 0.496566 0.516958
vt 0.493556 0.520541
vt 0.470872 0.513982
vt 0.471289 0.517949
vt 0.452289 0.519852
vt 0.455186 0.523035
vt 0.442081 0.530566
vt 0.446301 0.532378
vt 0.440147 0.544265
vt 0.444606 0.544289
vt 0.443895 0.562019
vt 0.447853 0.559658
vt 0.454700 0.575576
vt 0.457228 0.571424
vt 0.465574 0.579447
vt 0.466752 0.574820
vt 0.489245 0.572635
vt 0.487279 0.568906
vt 0.501417 0.559181
vt 0.497834 0.557264
vt 0.498067 0.531961
vt 0.502134 0.542070
vt 0.473656 0.544574
vt 0.491494 0.523376
vt 0.471643 0.521151
vt 0.457344 0.525615
vt 0.449480 0.533787
vt 0.448052 0.544291
vt 0.450908 0.557959
vt 0.459166 0.568421
vt 0.467473 0.571332
vt 0.485731 0.566017
vt 0.495057 0.555660
vt 0.553640 0.155203
vt 0.210202 0.033633
vt 0.208511 0.037815
vt 0.551571 0.160768
vt 0.637184 0.007107
vt 0.591937 0.195400
vt 0.550350 0.158682
vt 0.550445 0.163213
vt 0.637145 0.033340
vt 0.632351 0.071872
vt 0.389184 0.264381
vt 0.409879 0.238810
vt 0.420008 0.270702
vt 0.432715 0.252142
vt 0.435404 0.275989
vt 0.450936 0.262178
vt 0.454172 0.279304
vt 0.468096 0.270232
vt 0.479479 0.288073
vt 0.489370 0.280078
vt 0.503017 0.298010
vt 0.510306 0.286951
vt 0.514383 0.310654
vt 0.519744 0.296867
vt 0.392196 0.129294
vt 0.405694 0.144134
vt 0.367967 0.139636
vt 0.393019 0.160906
vt 0.623382 0.169116
vt 0.558720 0.166531
vt 0.211120 0.015549
vt 0.206446 0.041883
vt 0.225172 0.400580
vt 0.592624 0.100318
vt 0.528345 0.091408
vt 0.278668 0.411355
vt 0.486335 0.099756
vt 0.491462 0.081047
vt 0.717888 0.420291
vt 0.722960 0.410632
vt 0.678230 0.465811
vt 0.684987 0.456744
vt 0.388578 0.075699
vt 0.389138 0.063799
vt 0.550220 0.275157
vt 0.554689 0.282643
vt 0.207144 0.389767
vt 0.300640 0.412718
vt 0.475553 0.115390
vt 0.444045 0.104712
vt 0.413806 0.092585
vt 0.384992 0.086211
vt 0.365520 0.082327
vt 0.587024 0.078745
vt 0.531730 0.070124
vt 0.489714 0.062524
vt 0.728002 0.400748
vt 0.733250 0.380476
vt 0.387530 0.052254
vt 0.560864 0.288836
vt 0.974515 0.458235
vt 0.958047 0.503575
vt 0.483571 0.045698
vt 0.454551 0.044136
vt 0.430762 0.044491
vt 0.385675 0.040984
vt 0.366388 0.039709
vt 0.983258 0.441529
vt 0.990058 0.423900
vt 0.995624 0.375068
vt 0.954095 0.522439
vt 0.477554 0.028840
vt 0.449275 0.139729
vt 0.449172 0.028950
vt 0.424102 0.129053
vt 0.401621 0.119283
vt 0.424599 0.032238
vt 0.384974 0.028437
vt 0.372945 0.104719
vt 0.367628 0.028366
vt 0.356596 0.098990
vt 0.192206 0.375140
vt 0.165797 0.331831
vt 0.462192 0.128008
vt 0.433303 0.116087
vt 0.405387 0.105075
vt 0.378751 0.094952
vt 0.361351 0.091090
vt 0.536515 0.156704
vt 0.583424 0.351826
vt 0.530815 0.154081
vt 0.536514 0.152099
vt 0.731590 0.390883
vt 0.441344 0.043797
vt 0.436175 0.030009
vt 0.411994 0.123494
vt 0.418438 0.110161
vt 0.427972 0.099085
vt 0.714052 0.429605
vt 0.581284 0.356167
vt 0.579082 0.360392
vt 0.576677 0.364370
vt 0.573993 0.368073
vt 0.589519 0.338998
vt 0.680119 0.397220
vt 0.683019 0.387967
vt 0.657770 0.389603
vt 0.661326 0.380614
vt 0.643841 0.373715
vt 0.640483 0.381003
vt 0.608402 0.364741
vt 0.610958 0.359107
vt 0.685546 0.379205
vt 0.664260 0.372322
vt 0.646604 0.366428
vt 0.612941 0.353436
vt 0.020599 0.051626
vt 0.025963 0.054992
vt 0.031596 0.058236
vt 0.605270 0.370134
vt 0.015288 0.048206
vt 0.531229 0.120657
vt 0.046107 0.005554
vt 0.528762 0.121698
vt 0.529770 0.119198
vt 0.037757 0.061017
vt 0.601698 0.374896
vt 0.009976 0.044449
vt 0.044262 0.004471
vt 0.057604 0.010635
vt 0.044556 0.062818
vt 0.597842 0.379632
vt 0.648805 0.433588
vt 0.633862 0.418645
vt 0.051887 0.063116
vt 0.621086 0.406145
vt 0.593798 0.384507
vt 0.687875 0.370285
vt 0.627487 0.424786
vt 0.615463 0.412298
vt 0.614570 0.347566
vt 0.595157 0.294100
vt 0.604283 0.291564
vt 0.312706 0.059533
vt 0.311946 0.050234
vt 0.286724 0.044106
vt 0.284896 0.052178
vt 0.244650 0.042478
vt 0.246085 0.035813
vt 0.335897 0.074789
vt 0.137874 0.424975
vt 0.156420 0.424836
vt 0.243118 0.048668
vt 0.585861 0.295269
vt 0.315485 0.042061
vt 0.288117 0.035900
vt 0.247291 0.029304
vt 0.337540 0.037525
vt 0.313935 0.033253
vt 0.288891 0.028257
vt 0.248199 0.023205
vt 0.331036 0.091705
vt 0.340569 0.028334
vt 0.315388 0.024333
vt 0.119906 0.428904
vt 0.171303 0.433828
vt 0.289388 0.020420
vt 0.248795 0.016939
vt 0.239371 0.060668
vt 0.334181 0.083206
vt 0.128917 0.427726
vt 0.163786 0.429360
vt 0.241307 0.054512
vt 0.519482 0.129859
vt 0.345461 0.181149
vt 0.526416 0.132868
vt 0.519182 0.135026
vt 0.251668 0.405537
vt 0.556758 0.095326
vt 0.558373 0.072235
vt 0.961403 0.480311
vt 0.734167 0.414567
vt 0.733606 0.420979
vt 0.732922 0.427332
vt 0.541450 0.133372
vt 0.734745 0.408265
vt 0.735041 0.402071
vt 0.993220 0.398422
vt 0.180368 0.352000
vt 0.340489 0.178101
vt 0.335483 0.176027
vt 0.528462 0.138677
vt 0.357401 0.192464
vt 0.731954 0.433526
vt 0.730625 0.439516
vt 0.728908 0.445364
vt 0.330535 0.174172
vt 0.958693 0.456778
vt 0.967378 0.437521
vt 0.913209 0.427680
vt 0.909399 0.443965
vt 0.889116 0.435634
vt 0.894051 0.419722
vt 0.873474 0.420350
vt 0.871144 0.434464
vt 0.840734 0.433160
vt 0.841666 0.420995
vt 0.803103 0.429899
vt 0.804516 0.420435
vt 0.771246 0.426161
vt 0.772879 0.418160
vt 0.706569 0.483324
vt 0.702525 0.507701
vt 0.881861 0.451383
vt 0.866051 0.447635
vt 0.837722 0.444981
vt 0.800817 0.439044
vt 0.768777 0.433784
vt 0.973609 0.415951
vt 0.910507 0.400990
vt 0.060076 0.153576
vt 0.040218 0.144873
vt 0.840587 0.408947
vt 0.804746 0.410721
vt 0.773203 0.410096
vt 0.978990 0.397024
vt 0.549166 0.142146
vt 0.162035 0.025690
vt 0.156626 0.023704
vt 0.546194 0.149245
vt 0.029772 0.137209
vt 0.837250 0.397434
vt 0.803657 0.401132
vt 0.772100 0.402140
vt 0.710259 0.471677
vt 0.700262 0.519909
vt 0.874214 0.466268
vt 0.859304 0.460261
vt 0.832976 0.456312
vt 0.798081 0.447983
vt 0.766115 0.441239
vt 0.715608 0.460694
vt 0.697052 0.531704
vt 0.868250 0.481263
vt 0.852412 0.473519
vt 0.827627 0.467436
vt 0.795359 0.457125
vt 0.763984 0.449070
vt 0.931323 0.533694
vt 0.872768 0.507480
vt 0.015747 0.109761
vt 0.021866 0.126909
vt 0.833404 0.385944
vt 0.801433 0.391579
vt 0.762529 0.457336
vt 0.543462 0.142147
vt 0.539430 0.146181
vt 0.151045 0.022234
vt 0.145837 0.019759
vt 0.141945 0.015609
vt 0.917324 0.389954
vt 0.088148 0.126272
vt 0.097546 0.129082
vt 0.120112 0.081181
vt 0.126702 0.084876
vt 0.079464 0.121690
vt 0.113435 0.077523
vt 0.051445 0.080639
vt 0.088758 0.049553
vt 0.057319 0.088714
vt 0.092964 0.055929
vt 0.071990 0.115229
vt 0.107066 0.073405
vt 0.066509 0.106971
vt 0.101499 0.068365
vt 0.062198 0.097843
vt 0.096950 0.062381
vt 0.622794 0.190815
vt 0.618662 0.188163
vt 0.614424 0.187139
vt 0.557971 0.137425
vt 0.625992 0.194687
vt 0.628088 0.198593
vt 0.569049 0.293082
vt 0.356849 0.037307
vt 0.358906 0.027311
vt 0.348273 0.096429
vt 0.352276 0.088905
vt 0.355169 0.081390
vt 0.546587 0.266882
vt 0.635129 0.204074
vt 0.630746 0.201948
vt 0.610000 0.186369
vt 0.566289 0.259278
vt 0.572356 0.264348
vt 0.581433 0.235344
vt 0.587497 0.240249
vt 0.597212 0.216429
vt 0.602601 0.219940
vt 0.560660 0.253391
vt 0.576379 0.230357
vt 0.592321 0.213474
vt 0.574824 0.269163
vt 0.594172 0.244223
vt 0.607670 0.223551
vt 0.583734 0.273181
vt 0.600669 0.247057
vt 0.612133 0.226879
vt 0.592077 0.276006
vt 0.600646 0.278348
vt 0.607434 0.249522
vt 0.614705 0.252331
vt 0.617005 0.230122
vt 0.622779 0.233052
vt 0.607473 0.278772
vt 0.621780 0.255558
vt 0.628526 0.234984
vt 0.526247 0.120658
vt 0.051719 0.008803
vt 0.055555 0.010425
vt 0.019798 0.042295
vt 0.024813 0.045423
vt 0.029852 0.048537
vt 0.014989 0.039117
vt 0.050985 0.055814
vt 0.034894 0.051453
vt 0.040056 0.053864
vt 0.045465 0.055369
vt 0.036806 0.017891
vt 0.039720 0.019799
vt 0.042771 0.021462
vt 0.033933 0.015798
vt 0.056686 0.025559
vt 0.045946 0.022965
vt 0.049427 0.024111
vt 0.053020 0.025086
vt 0.240577 0.342235
vt 0.254038 0.352591
vt 0.278293 0.292646
vt 0.284862 0.304750
vt 0.295700 0.261522
vt 0.302619 0.271717
vt 0.269068 0.359973
vt 0.295581 0.308461
vt 0.312143 0.276359
vt 0.228961 0.329736
vt 0.453423 0.178156
vt 0.444894 0.184758
vt 0.218074 0.316640
vt 0.459975 0.172787
vt 0.527490 0.143584
vt 0.534469 0.247014
vt 0.523573 0.145306
vt 0.525250 0.141240
vt 0.285207 0.364128
vt 0.193941 0.292919
vt 0.310571 0.304144
vt 0.245567 0.242176
vt 0.324286 0.274715
vt 0.270526 0.222665
vt 0.205979 0.304255
vt 0.428649 0.215758
vt 0.519937 0.264752
vt 0.521069 0.261617
vt 0.428384 0.210203
vt 0.438692 0.188061
vt 0.432539 0.194641
vt 0.318285 0.200862
vt 0.322536 0.205054
vt 0.317396 0.224135
vt 0.327654 0.209181
vt 0.323192 0.231671
vt 0.333097 0.212790
vt 0.330442 0.235322
vt 0.338657 0.215426
vt 0.339360 0.234243
vt 0.344587 0.217455
vt 0.300683 0.200004
vt 0.351240 0.219401
vt 0.429091 0.202500
vt 0.313821 0.196795
vt 0.519522 0.143205
vt 0.528011 0.254544
vt 0.522903 0.258832
vt 0.470621 0.186590
vt 0.465186 0.190409
vt 0.490427 0.205136
vt 0.487648 0.209858
vt 0.460715 0.195162
vt 0.484105 0.214051
vt 0.446189 0.223768
vt 0.466668 0.234302
vt 0.449303 0.219012
vt 0.468458 0.229140
vt 0.457277 0.200708
vt 0.454557 0.206707
vt 0.479867 0.217558
vt 0.475408 0.220785
vt 0.452191 0.212914
vt 0.471394 0.224529
vt 0.569811 0.151911
vt 0.913269 0.550218
vt 0.564220 0.149427
vt 0.569811 0.147288
vt 0.704290 0.495426
vt 0.932654 0.449691
vt 0.938831 0.432207
vt 0.940766 0.407883
vt 0.946827 0.393352
vt 0.901169 0.519152
vt 0.693077 0.543141
vt 0.915014 0.545913
vt 0.906070 0.577434
vt 0.561919 0.144018
vt 0.909027 0.563715
vt 0.906854 0.572861
vt 0.779738 0.497958
vt 0.775250 0.507090
vt 0.831029 0.517687
vt 0.827321 0.525043
vt 0.873700 0.534567
vt 0.870932 0.540355
vt 0.771374 0.516454
vt 0.824155 0.532674
vt 0.868554 0.546335
vt 0.784242 0.488813
vt 0.834793 0.510291
vt 0.876550 0.528774
vt 0.764422 0.556335
vt 0.818920 0.565266
vt 0.864298 0.571684
vt 0.768506 0.526137
vt 0.766680 0.536066
vt 0.821824 0.540647
vt 0.820403 0.548792
vt 0.866755 0.552554
vt 0.865592 0.558887
vt 0.765513 0.546163
vt 0.819622 0.556995
vt 0.864891 0.565261
vt 0.147520 0.423454
vt 0.296653 0.055419
vt 0.297465 0.046716
vt 0.299748 0.038593
vt 0.299364 0.030323
vt 0.300206 0.021857
vt 0.111313 0.426452
vt 0.539132 0.157639
vt 0.148028 0.341021
vt 0.144156 0.339889
vt 0.541244 0.162981
vt 0.536302 0.160469
vt 0.536302 0.164471
vt 0.171944 0.345157
vt 0.167941 0.344836
vt 0.163954 0.344349
vt 0.129750 0.403453
vt 0.135930 0.406334
vt 0.137099 0.379744
vt 0.142340 0.381600
vt 0.123927 0.399692
vt 0.131984 0.377591
vt 0.142500 0.407738
vt 0.147744 0.383034
vt 0.149218 0.407688
vt 0.153222 0.383892
vt 0.170402 0.406125
vt 0.169784 0.384405
vt 0.163220 0.406232
vt 0.164222 0.384261
vt 0.156091 0.406951
vt 0.158704 0.384207
vt 0.675905 0.204031
vt 0.699802 0.122620
vt 0.738051 0.116915
vt 0.977176 0.159324
vt 0.940902 0.158878
vt 0.924273 0.158708
vt 0.899668 0.158099
vt 0.874712 0.157512
vt 0.856076 0.155822
vt 0.839686 0.150964
vt 0.810766 0.147316
vt 0.784015 0.121514
vt 0.767222 0.119866
vt 0.465424 0.337573
vt 0.128230 0.119895
vt 0.134839 0.165014
vt 0.864034 0.719402
vt 0.895929 0.718796
vt 0.280629 0.435254
vt 0.277288 0.481636
vt 0.533269 0.462239
vt 0.522098 0.496407
vt 0.026807 0.245893
vt 0.023064 0.292244
vt 0.512059 0.340845
vt 0.440842 0.326839
vt 0.512529 0.340966
vt 0.357941 0.372053
vt 0.024196 0.335183
vt 0.060528 0.171571
vt 0.576664 0.402360
vt 0.511058 0.535649
vt 0.597542 0.407260
vt 0.259476 0.530383
vt 0.396446 0.458716
vt 0.926738 0.726780
vt 0.817967 0.649601
vt 0.353473 0.400479
vt 0.142557 0.208824
vt 0.362357 0.195037
vt 0.532607 0.135024
vt 0.532907 0.129858
vt 0.353429 0.188977
vt 0.522902 0.138678
vt 0.529187 0.126206
vt 0.523626 0.126206
vt 0.349822 0.185011
vt 0.450310 0.218365
vt 0.277631 0.229813
vt 0.527508 0.146852
vt 0.536052 0.244079
vt 0.493006 0.200308
vt 0.476645 0.183490
vt 0.466032 0.167016
vt 0.532750 0.249874
vt 0.284811 0.226150
vt 0.291076 0.242752
vt 0.295150 0.237661
vt 0.293511 0.228263
vt 0.275645 0.246610
vt 0.283328 0.248334
vt 0.538248 0.169058
vt 0.516985 0.154434
vt 0.552668 0.117189
vt 0.527869 0.117066
vt 0.564687 0.168616
vt 0.576730 0.151445
vt 0.572213 0.132405
vt 0.513762 0.132325
vt 0.181382 0.030913
vt 0.303944 0.012992
vt 0.284616 0.075132
vt 0.293851 0.064527
vt 0.287271 0.059455
vt 0.303770 0.077337
vt 0.301321 0.068862
vt 0.312294 0.011049
vt 0.354848 0.073015
vt 0.338338 0.065153
vt 0.357022 0.048243
vt 0.340109 0.046784
vt 0.367393 0.061940
vt 0.364917 0.052941
vt 0.363594 0.070163
vt 0.514466 0.195440
vt 0.492648 0.183315
vt 0.568970 0.040515
vt 0.543210 0.036264
vt 0.605853 0.031542
vt 0.600089 0.013503
vt 0.595572 0.047577
vt 0.562100 0.163042
vt 0.211036 0.010799
vt 0.282761 0.066654
vt 0.562103 0.158250
vt 0.211435 0.020181
vt 0.553816 0.166490
vt 0.211610 0.024708
vt 0.211241 0.029213
vt 0.558494 0.155048
vt 0.446630 0.060938
vt 0.437770 0.062560
vt 0.439999 0.086102
vt 0.431526 0.080755
vt 0.449750 0.084997
vt 0.455890 0.076347
vt 0.454567 0.065950
vt 0.531435 0.020507
vt 0.334624 0.055301
vt 0.430784 0.069955
vt 0.338903 0.146917
vt 0.368505 0.186549
vt 0.350898 0.264983
vt 0.378993 0.234495
vt 0.377892 0.208375
vt 0.346000 0.287725
vt 0.323215 0.118061
vt 0.159965 0.343694
vt 0.539132 0.167301
vt 0.543134 0.167301
vt 0.545964 0.164470
vt 0.545963 0.160469
vt 0.155969 0.342898
vt 0.151972 0.342014
vt 0.543134 0.157639
vt 0.563142 0.134272
vt 0.563142 0.139371
vt 0.560029 0.130981
vt 0.555626 0.143737
vt 0.560028 0.143292
vt 0.552513 0.140446
vt 0.552514 0.135346
vt 0.555627 0.131426
vt 0.053600 0.009749
vt 0.526248 0.122721
vt 0.527707 0.124180
vt 0.049878 0.007701
vt 0.527706 0.119199
vt 0.529770 0.124180
vt 0.531229 0.122721
vt 0.048001 0.006609
vt 0.587758 0.343269
vt 0.533256 0.148843
vt 0.528650 0.148845
vt 0.525394 0.152103
vt 0.525395 0.156708
vt 0.528653 0.159964
vt 0.533259 0.159962
vt 0.585661 0.347530
vt 0.519217 0.146503
vt 0.525332 0.256541
vt 0.521896 0.149367
vt 0.521327 0.149085
vt 0.530579 0.252409
vt 0.522007 0.141071
vt 0.525228 0.149252
vt 0.432046 0.205569
vt 0.272493 0.239125
vt 0.139768 0.010353
vt 0.539431 0.151884
vt 0.543465 0.155917
vt 0.549168 0.155916
vt 0.553201 0.151882
vt 0.170047 0.033727
vt 0.166658 0.029094
vt 0.553200 0.146178
vt 0.897316 0.400343
vt 0.876066 0.403047
vt 0.861521 0.501615
vt 0.846303 0.492029
vt 0.864869 0.395099
vt 0.081220 0.170126
vt 0.009571 0.098234
vt 0.070499 0.162275
vt 0.907850 0.568289
vt 0.558650 0.147286
vt 0.558649 0.151910
vt 0.910307 0.559142
vt 0.566542 0.144018
vt 0.561918 0.155179
vt 0.566541 0.155180
vt 0.911709 0.554631
vt 0.913885 0.498033
vt 0.904434 0.489984
vt 0.925767 0.470534
vt 0.913901 0.469776
vt 0.926483 0.498827
vt 0.935165 0.489970
vt 0.934863 0.478065
vt 0.904721 0.477795
vt 0.544420 0.126297
vt 0.538355 0.126296
vt 0.534066 0.130585
vt 0.534065 0.136650
vt 0.538354 0.140939
vt 0.548708 0.130586
vt 0.548708 0.136651
vt 0.544419 0.140940
vt 0.417651 0.155690
vt 0.510494 0.541456
vt 0.538990 0.290754
vt 0.518049 0.286481
vt 0.502886 0.276640
vt 0.487714 0.271144
vt 0.470913 0.261710
vt 0.456734 0.252287
vt 0.441822 0.239849
vt 0.424190 0.223621
vt 0.405715 0.202483
vt 0.402543 0.189027
vt 0.638833 0.414895
vt 0.635089 0.408699
vt 0.652694 0.405082
vt 0.646410 0.400295
vt 0.638915 0.402290
vt 0.662125 0.415498
vt 0.645606 0.417641
vt 0.659905 0.408357
vt 0.674059 0.114459
vt 0.985100 0.193423
vt 0.977056 0.238621
vt 0.977242 0.222530
vt 0.643911 0.213047
vt 0.620738 0.277375
vt 0.596555 0.310501
vt 0.946835 0.540567
vt 0.944938 0.377680
vt 0.913907 0.377307
vt 0.978770 0.377540
vt 0.770148 0.394091
vt 0.734935 0.395978
vt 0.861612 0.381845
vt 0.792804 0.466472
vt 0.822809 0.478500
vt 0.092969 0.175988
vt 0.132938 0.089144
vt 0.138390 0.004803
vt 0.107228 0.131525
vt 0.722073 0.450420
vt 0.879250 0.522860
vt 0.916956 0.541704
vt 0.838230 0.502664
vt 0.788328 0.479432
vt 0.578395 0.213017
vt 0.540421 0.208576
vt 0.295880 0.014318
vt 0.299658 0.084994
vt 0.360575 0.017063
vt 0.343129 0.018890
vt 0.368689 0.016833
vt 0.535227 0.001229
vt 0.249087 0.010345
vt 0.204360 0.046095
vt 0.430743 0.015578
vt 0.417488 0.019378
vt 0.445778 0.013209
vt 0.385222 0.015630
vt 0.475009 0.011546
vt 0.104655 0.420472
vt 0.126861 0.375391
vt 0.140350 0.338604
vt 0.118053 0.395865
vt 0.540822 0.249795
vt 0.587837 0.210398
vt 0.640224 0.204429
vt 0.571431 0.225527
vt 0.554831 0.247183
vt 0.711234 0.440302
vt 0.658164 0.421762
vt 0.671145 0.474760
vt 0.666673 0.364159
vt 0.648876 0.358879
vt 0.589762 0.389440
vt 0.571015 0.371517
vt 0.641304 0.440231
vt 0.004945 0.039683
vt 0.031264 0.013342
vt 0.042639 0.003165
vt 0.010609 0.035678
vt 0.153745 0.313571
vt 0.308733 0.192320
vt 0.325624 0.171512
vt 0.338328 0.266479
vt 0.349004 0.230821
vt 0.327839 0.296104
vt 0.301819 0.365642
vt 0.521759 0.277700
vt 0.379675 0.116000
vt 0.546615 0.326335
vt 0.545757 0.304370
vt 0.420992 0.136782
vn -0.213502 0.078454 -0.973787
vn -0.606013 0.728706 -0.318960
vn -0.722921 0.574909 0.383228
vn -0.692309 -0.053745 0.719597
vn -0.903254 0.315532 0.290813
vn -0.860988 -0.104481 0.497778
vn -0.965525 0.236710 -0.108306
vn -0.980006 -0.177830 0.089250
vn -0.923739 0.103514 -0.368769
vn -0.959903 -0.206664 -0.189413
vn -0.367995 0.744318 -0.557288
vn -0.253805 0.894598 -0.367801
vn -0.335547 0.848810 -0.408571
vn -0.173292 0.827343 -0.534297
vn -0.091168 0.794000 -0.601043
vn -0.043029 0.442419 -0.895776
vn 0.103475 0.034378 -0.994038
vn 0.340954 -0.044295 -0.939036
vn 0.157674 0.357819 -0.920383
vn 0.569067 -0.187675 -0.800588
vn 0.127208 0.445387 -0.886256
vn 0.906663 -0.128081 -0.401942
vn 0.583648 0.469121 -0.662782
vn 0.993467 -0.082656 -0.078690
vn 0.885988 0.329191 -0.326587
vn -0.165544 -0.005327 0.986188
vn -0.476814 0.601325 0.641137
vn -0.247682 0.382221 0.890259
vn -0.123696 -0.053413 0.990882
vn -0.429882 0.324328 0.842623
vn -0.180144 -0.121157 0.976150
vn -0.176222 0.314460 0.932770
vn 0.030192 -0.056354 0.997954
vn 0.082307 0.323131 0.942768
vn 0.207731 0.011196 0.978122
vn -0.568108 0.788134 0.236850
vn -0.372546 0.919570 0.124900
vn -0.575256 0.816651 0.046498
vn -0.538580 0.841611 0.040289
vn -0.440417 0.897743 0.009540
vn -0.175200 0.030013 -0.984075
vn -0.350445 0.534244 -0.769267
vn -0.252830 -0.062904 -0.965464
vn -0.466537 0.320781 -0.824284
vn -0.393612 -0.136017 -0.909158
vn -0.560542 0.202198 -0.803062
vn -0.549711 -0.183113 -0.815039
vn -0.644091 0.189104 -0.741207
vn 0.384212 -0.061954 0.921164
vn 0.223794 0.344748 0.911628
vn 0.502943 0.231417 0.832763
vn 0.610156 -0.090346 0.787113
vn 0.221981 0.198938 0.954541
vn 0.398262 -0.164200 0.902455
vn -0.021771 0.092111 0.995511
vn 0.200012 -0.233474 0.951570
vn 0.043551 0.036895 0.998370
vn 0.207090 -0.227496 0.951504
vn -0.347108 0.693218 0.631637
vn -0.302536 0.907926 0.290074
vn -0.434530 0.846870 0.306587
vn -0.599202 0.751076 0.277202
vn -0.598831 0.745931 0.291528
vn -0.753263 0.091816 -0.651280
vn -0.708564 0.676114 -0.202007
vn -0.763432 0.057293 -0.643342
vn -0.791711 0.552622 -0.260390
vn -0.770942 0.047633 -0.635122
vn -0.838674 0.370663 -0.399043
vn -0.848844 0.024389 -0.528081
vn -0.886079 0.294880 -0.357645
vn 0.956128 0.005524 0.292897
vn 0.888843 0.429873 0.158641
vn 0.887978 0.414008 -0.200232
vn 0.919768 0.157214 -0.359598
vn 0.856805 0.514670 -0.031639
vn 0.942045 0.180271 -0.282937
vn 0.778381 0.596553 -0.195568
vn 0.855283 0.263344 -0.446253
vn 0.673794 0.607679 -0.420390
vn 0.672989 0.378849 -0.635263
vn 0.411602 0.641400 0.647448
vn 0.101117 0.839198 0.534343
vn 0.045340 0.802690 0.594670
vn 0.024444 0.763660 0.645155
vn 0.101034 0.720531 0.686023
vn -0.710984 -0.057043 0.700891
vn -0.512006 0.299624 0.805031
vn -0.711670 -0.113545 0.693277
vn -0.565550 0.265425 0.780834
vn -0.535454 -0.225444 0.813919
vn -0.479251 0.113714 0.870280
vn -0.309285 -0.322205 0.894722
vn -0.243899 -0.041614 0.968907
vn 0.602746 0.380830 -0.701189
vn 0.634018 0.731315 -0.251396
vn 0.415673 0.889155 -0.191364
vn 0.259735 0.246747 -0.933624
vn 0.548810 0.793651 -0.262537
vn 0.126144 0.152515 -0.980218
vn 0.439582 0.745179 -0.501474
vn -0.077889 0.006057 -0.996944
vn 0.276793 0.790901 -0.545767
vn -0.134043 -0.010398 -0.990921
vn 0.184525 -0.176679 0.966817
vn 0.352557 0.291850 0.889116
vn 0.323754 -0.149265 0.934293
vn 0.513329 0.223773 0.828504
vn 0.442214 -0.111441 0.889960
vn 0.609800 0.192138 0.768913
vn 0.451660 -0.050668 0.890750
vn 0.553715 0.198173 0.808781
vn 0.688418 -0.035292 -0.724455
vn 0.008000 -0.212187 -0.977196
vn -0.239941 -0.326060 -0.914392
vn -0.265096 -0.388445 -0.882516
vn -0.253990 -0.425218 -0.868723
vn -0.661067 0.463001 -0.590441
vn -0.865317 0.175602 -0.469458
vn -0.809542 0.422181 -0.407929
vn -0.936877 0.146898 -0.317304
vn -0.883487 0.378774 -0.275646
vn -0.971874 0.137370 -0.191284
vn -0.920189 0.368900 -0.131016
vn -0.983043 0.167553 -0.074518
vn 0.189493 0.616659 -0.764084
vn 0.057966 0.805975 -0.589104
vn -0.008882 0.871000 -0.491203
vn 0.015769 0.873498 -0.486572
vn 0.058703 0.917735 -0.392831
vn 0.993834 0.105600 -0.033804
vn 0.916885 0.347433 -0.196500
vn 0.988962 0.042245 -0.142020
vn 0.889734 0.349308 -0.293865
vn 0.958550 0.026078 -0.283729
vn 0.852397 0.334316 -0.402061
vn 0.929509 0.018641 -0.368329
vn 0.839265 0.337302 -0.426452
vn 0.736962 0.239179 -0.632202
vn 0.953464 0.185460 -0.237719
vn -0.191666 0.252826 -0.948337
vn 0.323649 0.228620 -0.918142
vn -0.930286 0.211859 -0.299473
vn -0.618917 0.194600 -0.760968
vn -0.732639 0.205273 0.648925
vn -0.959099 0.130124 0.251389
vn 0.145958 0.193492 0.970184
vn -0.346699 0.119677 0.930310
vn 0.934614 0.256151 0.246744
vn 0.598194 0.195289 0.777192
vn 0.767224 0.080677 -0.636285
vn 0.975565 0.074055 -0.206856
vn -0.200610 0.072202 -0.977007
vn 0.327123 0.099099 -0.939771
vn -0.942920 0.021738 -0.332311
vn -0.645932 0.037738 -0.762461
vn -0.732127 -0.017935 0.680932
vn -0.978733 0.000606 0.205137
vn 0.192086 -0.001627 0.981377
vn -0.312529 -0.022702 0.949637
vn 0.951825 0.084469 0.294777
vn 0.622458 0.045968 0.781302
vn 0.737973 0.108830 -0.665997
vn 0.973709 0.097690 -0.205783
vn -0.192483 0.072648 -0.978608
vn 0.310948 0.096744 -0.945490
vn -0.937171 0.028436 -0.347711
vn -0.646129 0.047987 -0.761718
vn -0.767753 -0.006641 0.640711
vn -0.986406 0.011874 0.163897
vn 0.947495 0.061310 0.313838
vn 0.662715 0.014275 0.748735
vn 0.195426 -0.018339 0.980547
vn 0.973062 0.084654 -0.214438
vn 0.767948 0.085029 -0.634844
vn 0.791611 -0.009790 -0.610947
vn 0.967916 -0.049858 -0.246278
vn 0.333481 0.037616 -0.942006
vn -0.226850 0.045772 -0.972854
vn -0.190522 -0.021159 -0.981455
vn 0.456782 -0.077590 -0.886189
vn -0.672064 0.042821 -0.739254
vn -0.942173 0.018358 -0.334623
vn -0.912281 0.031699 -0.408337
vn -0.670983 0.053755 -0.739522
vn -0.972850 0.030905 0.229365
vn -0.765494 0.051689 0.641363
vn -0.789589 0.056452 0.611034
vn -0.971570 0.000589 0.236753
vn -0.354917 0.039774 0.934051
vn 0.171413 0.063679 0.983139
vn 0.084327 0.075968 0.993538
vn -0.490446 0.078681 0.867913
vn 0.587878 0.054376 0.807120
vn 0.959808 0.018726 0.280031
vn 0.970637 -0.035414 0.237930
vn 0.580928 0.009218 0.813903
vn -0.475006 -0.065686 0.877528
vn -0.798278 -0.262061 0.542288
vn -0.940740 -0.335964 -0.046215
vn -0.706320 -0.055105 -0.705745
vn -0.552123 0.092894 -0.828572
vn -0.099957 0.087212 -0.991162
vn 0.545592 -0.093655 -0.832801
vn 0.785046 -0.169515 -0.595791
vn 0.917513 -0.274302 -0.287972
vn 0.928557 -0.343491 0.140701
vn 0.547513 -0.282367 0.787717
vn 0.147693 -0.147392 0.977989
vn -0.170644 0.978696 0.114174
vn -0.067510 0.625208 0.777533
vn 0.610744 0.791514 -0.022312
vn 0.700941 0.712294 0.036316
vn -0.219688 0.956619 -0.191357
vn 0.665694 0.727106 0.167834
vn -0.072639 0.880278 -0.468866
vn 0.653312 0.699108 0.290572
vn 0.117422 0.736595 -0.666063
vn 0.562860 0.756984 0.331908
vn 0.525264 0.469496 -0.709698
vn 0.463044 0.828520 0.314875
vn 0.832136 0.153667 -0.532857
vn 0.368348 0.883548 0.289246
vn 0.932935 -0.068576 -0.353454
vn 0.342738 0.915102 0.212411
vn 0.976478 -0.215231 0.012866
vn 0.350280 0.929091 0.118718
vn 0.752246 0.133438 0.645228
vn 0.403253 0.915059 -0.007301
vn 0.440220 0.273706 0.855156
vn 0.453772 0.886365 -0.091910
vn 0.091490 0.412619 0.906298
vn 0.544322 0.826256 -0.144961
vn 0.657150 0.751304 0.060793
vn 0.619682 0.782309 -0.063142
vn 0.526890 0.840977 0.123066
vn 0.690156 0.698461 0.189308
vn 0.634181 0.727705 0.261268
vn 0.567937 0.761173 0.313152
vn 0.465055 0.826966 0.315991
vn 0.400158 0.879616 0.257195
vn 0.366776 0.907434 0.205034
vn 0.355282 0.926848 0.121356
vn 0.395317 0.917982 -0.032155
vn 0.464985 0.882269 -0.073417
vn 0.541447 0.837887 -0.069148
vn -0.971653 0.212407 -0.103800
vn -0.819547 -0.028572 0.572299
vn -0.171296 -0.138043 0.975501
vn -0.100431 0.895878 0.432801
vn 0.461280 0.880764 0.107126
vn 0.166647 0.503601 0.847711
vn -0.568694 0.374760 -0.732217
vn 0.217191 0.477835 -0.851177
vn 0.251415 0.757235 -0.602816
vn -0.283779 0.133763 -0.949514
vn -0.290775 0.537336 -0.791657
vn -0.102721 0.871783 -0.479002
vn 0.045406 0.477579 -0.877415
vn 0.136724 0.801453 -0.582219
vn 0.623589 0.103517 -0.774868
vn 0.601491 0.411041 -0.685021
vn 0.802635 -0.125271 -0.583168
vn 0.844722 0.018574 -0.534883
vn 0.903916 -0.322384 -0.281078
vn 0.943672 -0.256350 -0.209210
vn 0.871476 -0.472485 0.131483
vn 0.928598 -0.268719 0.255922
vn 0.523488 -0.367858 0.768532
vn 0.532477 -0.036240 0.845669
vn 0.171047 -0.181221 0.968453
vn 0.195182 0.163053 0.967118
vn -0.237369 0.039598 0.970612
vn -0.085369 0.300923 0.949820
vn -0.366842 -0.100459 0.924843
vn 0.967022 0.140734 0.212279
vn 0.841106 0.316014 -0.438949
vn 0.592944 -0.047918 0.803817
vn -0.703937 -0.607521 0.367955
vn -0.860747 -0.499716 -0.096940
vn -0.996648 -0.080251 -0.015905
vn -0.950495 0.269744 0.154267
vn -0.751250 -0.062211 0.657080
vn -0.987692 -0.148564 -0.048930
vn -0.286258 -0.551546 0.783488
vn -0.552426 -0.833554 0.003629
vn -0.810029 0.581284 -0.077217
vn -0.547731 0.431199 0.716978
vn -0.798369 -0.033164 0.601255
vn -0.974556 0.224138 -0.001689
vn -0.676429 -0.377325 0.632510
vn -0.998977 0.020624 0.040236
vn -0.173239 -0.476801 0.861771
vn -0.351340 0.706410 0.614447
vn -0.268519 0.074091 0.960421
vn -0.166896 -0.067041 0.983693
vn -0.238240 -0.223433 0.945156
vn -0.148732 -0.304314 0.940889
vn -0.155779 -0.255249 0.954244
vn -0.533773 -0.317224 -0.783872
vn -0.615137 -0.076188 -0.784730
vn -0.567662 -0.101336 -0.817001
vn -0.385886 -0.435715 -0.813170
vn -0.517897 0.475143 -0.711352
vn -0.696048 0.417596 -0.584064
vn -0.678255 0.341300 -0.650757
vn -0.035786 -0.292359 -0.955639
vn -0.265743 0.215552 -0.939637
vn 0.025218 0.110890 -0.993513
vn -0.028169 0.061587 -0.997704
vn -0.254998 0.393637 -0.883191
vn -0.075559 0.481852 -0.872989
vn 0.075626 0.472191 -0.878246
vn 0.800525 0.073208 -0.594811
vn 0.957886 0.161009 0.237761
vn 0.724346 0.661074 0.195714
vn 0.527730 0.605001 -0.596216
vn 0.694335 0.343351 -0.632463
vn 0.894299 0.441063 0.075453
vn 0.727438 0.290744 -0.621532
vn 0.943671 0.324838 0.062975
vn 0.998863 0.027831 -0.038697
vn 0.645094 0.331406 -0.688494
vn 0.760043 0.216351 -0.612802
vn 0.984524 -0.174443 0.016806
vn 0.761817 0.110934 -0.638223
vn 0.967306 -0.244925 -0.065802
vn 0.653093 -0.049197 0.755678
vn 0.589942 0.706784 0.390417
vn 0.631452 0.384373 0.673443
vn 0.636529 0.207983 0.742680
vn 0.695082 -0.253547 0.672737
vn 0.633830 -0.389758 0.668093
vn 0.605043 -0.417118 0.678186
vn -0.722941 -0.423894 -0.545591
vn -0.767734 -0.625934 0.137080
vn -0.748804 0.651442 0.122132
vn -0.350034 0.111462 -0.930082
vn -0.241850 -0.051860 -0.968927
vn -0.005313 0.094470 -0.995514
vn 0.721252 0.288026 -0.629950
vn 0.950091 0.303804 0.070925
vn 0.633711 0.173470 0.753869
vn -0.135174 -0.031314 0.990327
vn -0.112875 0.068436 0.991250
vn -0.499062 -0.410796 0.763010
vn -0.019933 0.131528 0.991112
vn 0.390246 0.676679 0.624351
vn 0.458026 0.884658 -0.087132
vn 0.157002 0.663137 -0.731846
vn 0.186202 -0.973668 0.131524
vn 0.001878 -0.747403 -0.664368
vn -0.013320 -0.999898 -0.005085
vn -0.141025 -0.753852 -0.641731
vn -0.278010 -0.734089 -0.619536
vn -0.213845 -0.951903 0.219433
vn -0.401189 -0.892511 0.206087
vn -0.469646 -0.657725 -0.588923
vn -0.176000 -0.063648 -0.982330
vn -0.215301 -0.028587 -0.976129
vn -0.229400 -0.047491 -0.972173
vn -0.259304 -0.034323 -0.965186
vn 0.262082 -0.720499 0.642024
vn 0.076097 -0.917164 0.391177
vn -0.133222 -0.766917 0.627766
vn -0.204764 -0.602944 0.771058
vn 0.163586 0.205487 0.964891
vn 0.682741 -0.310504 0.661402
vn 0.918029 0.272818 0.287737
vn -0.238069 0.638143 0.732186
vn 0.060306 -0.662279 0.746827
vn 0.059779 0.265977 0.962124
vn 0.131302 0.181140 0.974653
vn 0.026538 0.728371 0.684669
vn 0.612588 0.782168 -0.113797
vn -0.099071 0.916453 -0.387683
vn 0.041320 0.694072 0.718719
vn 0.334778 0.640604 0.691050
vn -0.251133 0.967327 0.034789
vn -0.075219 0.996877 -0.024039
vn -0.017318 0.926593 0.375668
vn 0.152702 0.988266 -0.003561
vn 0.344043 0.936361 -0.069732
vn -0.277067 0.674364 -0.684446
vn -0.171275 0.723905 -0.668301
vn -0.061994 0.694278 -0.717032
vn 0.091643 0.645337 -0.758381
vn -0.672429 0.668596 0.317518
vn -0.228084 0.056466 0.972003
vn -0.742630 0.133618 0.656237
vn -0.874092 0.446048 0.192365
vn -0.891600 0.452269 0.022418
vn -0.746188 0.173082 0.642842
vn -0.794766 0.026984 0.606315
vn -0.948478 0.309997 -0.065501
vn -0.096065 -0.301804 0.948518
vn -0.536889 -0.468144 0.701848
vn -0.272713 0.307821 0.911523
vn -0.000735 -0.337726 0.941244
vn -0.378681 0.683611 -0.623920
vn -0.648842 0.603373 -0.463622
vn -0.553597 0.548076 -0.627011
vn -0.542346 0.458483 -0.704027
vn 0.123195 0.311813 -0.942123
vn 0.152040 0.308017 -0.939153
vn 0.192453 0.313714 -0.929809
vn 0.241950 0.347083 -0.906087
vn 0.913371 -0.384189 -0.134733
vn 0.682104 -0.054811 -0.729198
vn 0.674185 -0.123119 -0.728228
vn 0.773945 -0.592751 -0.222834
vn 0.997114 -0.074270 -0.015733
vn 0.823155 -0.097110 -0.559452
vn 0.845399 0.053473 -0.531451
vn 0.950224 -0.259050 0.173114
vn 0.621891 -0.521766 0.583962
vn 0.425894 -0.816988 0.388773
vn 0.759152 -0.157870 0.631479
vn 0.618928 -0.403818 0.673690
vn -0.544544 -0.133315 0.828069
vn 0.096002 -0.198483 0.975391
vn -0.113427 0.981001 0.157390
vn -0.969309 0.135197 0.205334
vn -0.948208 -0.310260 0.068126
vn -0.947859 -0.305482 -0.090793
vn -0.586734 -0.232082 -0.775810
vn -0.433805 -0.245801 -0.866831
vn 0.663534 0.078819 -0.743983
vn 0.007816 0.240217 -0.970688
vn -0.652495 0.388876 -0.650404
vn 0.208122 0.977418 0.036598
vn 0.994336 -0.008585 -0.105938
vn 0.778005 0.021775 0.627880
vn 0.821404 0.342275 0.456227
vn 0.885791 0.220729 0.408230
vn 0.685570 -0.076730 0.723952
vn 0.976489 0.209093 0.052442
vn -0.092697 0.545619 -0.832891
vn -0.728126 0.433109 -0.531272
vn -0.904872 0.417582 0.082651
vn -0.580260 0.309317 0.753407
vn 0.107465 0.149662 0.982880
vn 0.599359 0.473796 -0.645202
vn -0.274598 -0.856651 -0.436745
vn 0.458439 -0.882526 0.104796
vn 0.396391 -0.912646 0.099762
vn -0.266312 -0.802203 -0.534368
vn -0.203749 -0.831194 -0.517304
vn 0.413819 -0.910334 -0.006779
vn 0.508243 -0.817836 -0.269878
vn -0.113577 -0.788936 -0.603887
vn -0.101626 -0.607695 -0.787642
vn 0.549889 -0.680451 -0.484364
vn -0.138768 -0.393615 -0.908741
vn 0.534018 -0.491813 -0.687710
vn -0.072183 -0.059385 -0.995622
vn 0.596416 -0.199384 -0.777518
vn -0.835440 -0.507729 -0.210359
vn -0.101805 -0.552129 -0.827520
vn -0.668428 -0.290601 -0.684657
vn -0.668958 -0.308826 -0.676108
vn -0.698335 -0.171004 -0.695044
vn -0.743237 -0.051808 -0.667019
vn -0.710966 0.156225 -0.685654
vn 0.777993 -0.374451 0.504493
vn 0.331553 -0.700916 0.631498
vn 0.371776 -0.921713 0.110585
vn 0.748173 -0.614697 -0.249770
vn 0.928047 -0.372381 -0.007849
vn 0.948026 -0.290655 -0.129489
vn 0.969588 -0.188745 -0.155801
vn 0.721926 0.332889 0.606637
vn -0.285697 -0.225849 0.931327
vn 0.292919 -0.547900 0.783584
vn 0.779758 -0.574253 0.249421
vn 0.461688 0.886575 0.028795
vn 0.950489 0.272238 -0.149858
vn 0.838329 0.199444 0.507373
vn 0.852526 0.116438 0.509551
vn 0.811686 -0.040709 0.582674
vn -0.959169 0.270074 0.083993
vn 0.252746 0.293253 -0.922021
vn -0.741592 0.441104 -0.505439
vn -0.843991 0.378523 -0.379999
vn -0.891662 0.412941 -0.185521
vn -0.936862 0.346655 -0.046034
vn -0.951452 0.306328 0.030020
vn -0.347824 0.887958 0.300913
vn 0.352573 0.921514 -0.162798
vn -0.342549 0.937454 -0.061964
vn -0.399811 0.905656 0.141204
vn -0.460255 0.772031 0.438330
vn -0.554874 0.573790 0.602395
vn -0.610528 0.300172 0.732907
vn 0.312710 0.925287 0.214610
vn -0.138895 0.883516 0.447335
vn -0.096927 0.990923 0.093147
vn 0.338983 0.939949 -0.039835
vn 0.270162 0.657410 0.703438
vn 0.215698 0.486899 0.846406
vn 0.136184 0.159131 0.977820
vn -0.721004 0.259154 0.642645
vn -0.730456 0.682580 -0.022774
vn 0.870505 -0.208411 -0.445853
vn 0.445386 0.347730 -0.825054
vn -0.222489 0.723651 -0.653321
vn 0.229676 0.230160 0.945661
vn -0.026717 -0.730442 0.682452
vn -0.436341 -0.133629 0.889803
vn 0.192034 -0.654559 0.731215
vn -0.398514 -0.223121 0.889609
vn 0.408380 -0.904881 0.120073
vn 0.670688 -0.715759 0.194596
vn -0.572054 0.572761 0.587112
vn -0.767078 0.366093 0.526847
vn -0.278289 0.958907 -0.055247
vn -0.637064 0.755398 -0.153372
vn 0.685244 -0.612096 -0.394687
vn 0.820065 -0.373675 -0.433429
vn 0.676238 0.127386 -0.725586
vn 0.528099 0.218110 -0.820695
vn 0.232150 0.790373 -0.566936
vn -0.084902 0.697150 -0.711880
vn -0.905687 -0.347193 -0.243285
vn -0.775670 -0.565685 0.279887
vn -0.245026 -0.479755 0.842495
vn -0.056103 0.879532 0.472521
vn -0.732124 0.067265 -0.677842
vn -0.074481 0.634520 -0.769310
vn -0.358634 0.429609 -0.828745
vn 0.181860 0.319405 -0.930004
vn 0.755527 0.046384 -0.653474
vn 0.966610 -0.253246 -0.039128
vn 0.629231 -0.427489 0.649093
vn 0.003100 -0.368648 0.929564
vn -0.089517 -0.435107 0.895918
vn 0.723973 0.550153 0.416168
vn 0.583796 0.790560 -0.184923
vn 0.479619 0.086104 0.873242
vn -0.471407 -0.819959 0.324719
vn -0.836913 -0.525173 -0.154177
vn -0.455708 -0.821271 0.343283
vn -0.853005 -0.509091 -0.114931
vn -0.641419 -0.694721 0.325491
vn -0.864403 -0.445984 -0.232177
vn 0.264901 -0.645198 0.716622
vn 0.232584 -0.688251 0.687180
vn -0.023180 -0.558614 0.829104
vn -0.775330 0.055298 -0.629131
vn -0.816532 0.129610 -0.562562
vn -0.713483 0.048911 -0.698964
vn -0.470686 0.550299 -0.689656
vn -0.304544 0.696406 -0.649824
vn -0.041856 0.659151 -0.750845
vn 0.037633 0.921725 -0.386013
vn 0.637768 0.702505 0.315813
vn 0.454298 0.854365 -0.252336
vn 0.822090 0.512463 0.248094
vn 0.593523 0.777920 -0.206330
vn 0.784564 0.508150 0.355305
vn 0.711030 -0.108177 0.694791
vn 0.758052 -0.115158 0.641947
vn 0.609776 0.014038 0.792450
vn -0.995317 -0.061785 0.074345
vn -0.641473 -0.555737 0.528837
vn -0.777960 0.562634 -0.279682
vn 0.986086 0.164557 0.023576
vn 0.781193 -0.511839 0.357433
vn 0.091175 -0.833128 0.545513
vn 0.579652 0.781777 -0.229846
vn -0.137078 0.952289 -0.272683
vn -0.653224 -0.580997 0.485532
vn -0.975508 0.015641 0.219406
vn -0.768225 0.634974 -0.081481
vn 0.993804 0.110027 0.015732
vn 0.784103 -0.523311 0.333659
vn 0.136914 -0.848344 0.511436
vn 0.657675 0.706558 -0.261226
vn -0.082936 0.931980 -0.352896
vn -0.592550 -0.667320 0.451187
vn -0.985083 -0.061062 0.160880
vn -0.774768 0.611062 -0.162289
vn 0.108143 -0.808730 0.578154
vn -0.592604 -0.736499 0.326173
vn 0.174799 -0.761697 0.623909
vn -0.623858 -0.645566 0.440506
vn 0.003728 -0.781656 0.623699
vn -0.652223 -0.548673 0.523033
vn -0.977661 -0.207990 -0.030322
vn -0.998342 -0.054169 0.019485
vn -0.988980 -0.007625 0.147854
vn 0.672918 -0.489029 0.555006
vn 0.698224 -0.605971 0.381159
vn 0.292626 -0.743718 0.601044
vn 0.950868 0.233266 0.203560
vn 0.985839 0.138797 -0.094114
vn 0.234734 -0.897443 -0.373492
vn -0.080562 -0.464948 -0.881665
vn 0.787611 0.536175 -0.303620
vn 0.457248 -0.841101 0.288917
vn -0.833614 0.471288 -0.288055
vn -0.203575 0.914483 -0.349682
vn -0.723604 0.596092 -0.347953
vn -0.009456 0.872390 -0.488719
vn -0.753055 0.589199 -0.292835
vn -0.118134 0.853964 -0.506745
vn 0.533978 0.827629 -0.172909
vn 0.546818 0.679967 -0.488503
vn -0.322180 0.292046 -0.900505
vn -0.313327 0.874488 -0.370265
vn 0.226932 0.850131 -0.475163
vn 0.435278 -0.518485 0.736007
vn 0.931328 0.290328 0.219859
vn 0.997759 0.057902 -0.033548
vn 0.772767 -0.356355 0.525208
vn 0.083673 -0.754419 0.651038
vn 0.148147 -0.563982 0.812390
vn -0.617168 -0.568495 0.543982
vn -0.576546 -0.419065 0.701412
vn -0.987831 0.036023 0.151305
vn -0.978877 -0.019903 0.203480
vn -0.700691 0.649231 -0.295856
vn -0.784639 0.435035 -0.441685
vn -0.020908 0.855506 -0.517371
vn -0.010255 0.642169 -0.766494
vn 0.471274 0.871367 -0.136459
vn 0.758783 0.404039 -0.510884
vn 0.267334 0.439549 0.857514
vn 0.487280 -0.320831 0.812174
vn -0.071051 0.933719 0.350885
vn 0.049068 -0.543841 -0.837753
vn 0.204693 -0.961318 -0.184305
vn -0.118798 -0.443127 -0.888553
vn 0.202976 -0.913140 -0.353519
vn 0.294444 -0.831241 0.471530
vn 0.422380 -0.834404 0.354070
vn -0.115052 0.291987 -0.949477
vn -0.343499 0.325411 -0.880975
vn -0.138334 0.882498 -0.449512
vn -0.325457 0.872916 -0.363450
vn 0.289760 -0.258955 0.921402
vn 0.172759 0.485658 0.856908
vn 0.430538 -0.267364 0.862063
vn 0.206375 0.487299 0.848498
vn -0.011242 0.958410 0.285175
vn -0.105540 0.939896 0.324741
vn -0.959600 -0.280979 -0.014774
vn -0.731850 -0.050547 0.679588
vn -0.408433 0.899001 -0.158052
vn -0.656200 -0.272295 -0.703745
vn -0.472049 -0.735320 -0.486286
vn -0.272392 -0.881923 -0.384726
vn 0.415126 -0.898162 0.144830
vn 0.761287 -0.419965 0.494037
vn 0.725631 0.336017 0.600460
vn 0.288101 0.921825 0.259301
vn 0.100256 0.973634 0.204902
vn -0.103205 0.283515 0.953398
vn 0.547880 0.524333 0.651845
vn 0.603513 0.297611 -0.739729
vn -0.017572 -0.036462 -0.999181
vn 0.844395 0.533194 -0.051976
vn -0.812559 0.007906 0.582826
vn -0.832561 -0.549856 0.067085
vn -0.777568 -0.043203 0.627314
vn -0.871213 -0.490837 0.008228
vn -0.735975 -0.101926 0.669292
vn -0.912096 -0.409671 -0.015851
vn -0.385777 -0.777629 -0.496456
vn -0.476012 -0.633155 -0.610350
vn -0.573280 -0.454747 -0.681582
vn -0.322275 0.580648 0.747654
vn -0.220728 0.453351 0.863569
vn -0.122331 0.293646 0.948054
vn 0.357729 0.821565 0.443915
vn 0.457704 0.696412 0.552736
vn 0.550267 0.540513 0.636436
vn 0.267333 -0.549882 -0.791305
vn 0.758272 0.004274 -0.651925
vn 0.160691 -0.405049 -0.900063
vn 0.701249 0.072116 -0.709259
vn 0.060176 -0.222612 -0.973048
vn 0.653940 0.164229 -0.738506
vn 0.805133 0.575040 -0.145221
vn 0.837450 0.534964 -0.111763
vn 0.870218 0.487063 -0.074093
vn -0.862144 0.174115 0.475808
vn -0.792025 0.255331 0.554530
vn -0.860039 0.495877 0.120163
vn -0.572411 0.625492 -0.530194
vn 0.169380 0.317132 -0.933133
vn 0.653554 -0.061105 -0.754410
vn 0.890728 -0.274751 -0.362100
vn -0.023043 -0.837001 0.546715
vn 0.607873 -0.783290 0.130181
vn 0.920201 -0.237987 -0.310794
vn 0.502902 0.345704 0.792199
vn -0.592692 -0.385441 0.707214
vn -0.790841 0.313885 0.525402
vn 0.722990 0.471500 -0.504949
vn 0.142410 0.930315 -0.337985
vn -0.490591 0.866709 0.090204
vn 0.528035 -0.847260 -0.057693
vn -0.170720 -0.968993 0.178624
vn 0.529688 -0.844097 0.083253
vn -0.119932 -0.894626 0.430420
vn 0.933341 -0.289827 -0.211837
vn 0.907584 -0.284252 -0.309018
vn -0.777147 -0.527291 0.343522
vn -0.674036 -0.463548 0.575152
vn -0.923083 0.191153 0.333733
vn -0.861743 0.238239 0.447931
vn 0.871672 0.439627 -0.216599
vn 0.732874 0.470338 -0.491608
vn 0.257020 0.965092 -0.050388
vn 0.122600 0.936778 -0.327744
vn -0.539144 0.822442 0.181420
vn -0.543275 0.836155 0.075480
vn -0.331280 -0.022380 0.943267
s 1
g FinalObjects pCylinder6 Tree2
usemtl lambert4SG
f 787/886/904 793/1637/905 800/888/906 796/889/907
f 796/889/907 800/888/906 801/890/908 797/891/909
f 797/891/909 801/890/908 802/892/910 798/893/911
f 798/893/911 802/892/910 803/894/912 799/895/913
f 793/1637/905 902/1623/914 903/897/915 800/888/906
f 800/888/906 903/897/915 904/898/916 801/890/908
f 801/890/908 904/898/916 905/899/917 802/892/910
f 802/892/910 905/899/917 906/900/918 803/894/912
f 792/1622/919 786/1641/920 808/903/921 804/904/922
f 804/904/922 808/1638/921 809/905/923 805/906/924
f 805/906/924 809/905/923 810/907/925 806/908/926
f 806/908/926 810/907/925 811/909/927 807/910/928
f 788/911/929 794/1635/930 816/913/931 812/914/932
f 812/914/932 816/913/931 817/915/933 813/916/934
f 813/916/934 817/915/933 818/917/935 814/918/936
f 814/918/936 818/917/935 819/919/937 815/920/938
f 794/1635/930 897/1625/939 898/922/940 816/913/931
f 816/913/931 898/922/940 899/923/941 817/915/933
f 817/915/933 899/923/941 900/924/942 818/917/935
f 818/917/935 900/924/942 901/925/943 819/919/937
f 793/1624/905 787/1636/904 824/926/944 820/927/945
f 820/927/945 824/926/944 825/928/946 821/929/947
f 821/929/947 825/928/946 826/930/948 822/931/949
f 822/931/949 826/930/948 827/932/950 823/933/951
f 789/934/952 795/1632/953 832/936/954 828/937/955
f 828/937/955 832/936/954 833/938/956 829/939/957
f 829/939/957 833/938/956 834/940/958 830/941/959
f 830/941/959 834/940/958 835/942/960 831/943/961
f 795/1632/953 892/1627/962 893/945/963 832/936/954
f 832/936/954 893/945/963 894/946/964 833/938/956
f 833/938/956 894/946/964 895/947/965 834/940/958
f 834/940/958 895/947/965 896/948/966 835/942/960
f 794/1626/930 788/1633/929 840/949/967 836/950/968
f 836/950/968 840/949/967 841/951/969 837/952/970
f 837/952/970 841/951/969 842/953/971 838/954/972
f 838/954/972 842/953/971 843/955/973 839/956/974
f 784/957/975 790/1629/976 848/959/977 844/1631/978
f 844/960/978 848/959/977 849/961/979 845/962/980
f 845/962/980 849/961/979 850/963/981 846/964/982
f 846/964/982 850/963/981 851/965/983 847/966/984
f 790/1629/976 917/1617/985 918/968/986 848/959/977
f 848/959/977 918/968/986 919/969/987 849/961/979
f 849/961/979 919/969/987 920/970/988 850/963/981
f 850/963/981 920/970/988 921/971/989 851/965/983
f 795/1630/953 789/1634/952 856/972/990 852/973/991
f 852/973/991 856/972/990 857/974/992 853/975/993
f 853/975/993 857/974/992 858/976/994 854/977/995
f 854/977/995 858/976/994 859/978/996 855/979/997
f 791/1642/998 912/1619/999 913/982/1000 864/983/1001
f 864/983/1001 913/982/1000 914/984/1002 865/985/1003
f 865/985/1003 914/984/1002 915/986/1004 866/987/1005
f 866/987/1005 915/986/1004 916/988/1006 867/989/1007
f 790/1618/976 784/1673/975 868/990/1008 860/991/1009
f 860/991/1009 868/990/1008 869/992/1010 861/993/1011
f 861/993/1011 869/992/1010 870/994/1012 862/995/1013
f 862/995/1013 870/994/1012 871/996/1014 863/997/1015
f 785/998/1016 791/1642/998 864/983/1001 872/999/1017
f 872/999/1017 864/983/1001 865/985/1003 873/1000/1018
f 873/1000/1018 865/985/1003 866/987/1005 874/1001/1019
f 874/1001/1019 866/987/1005 867/989/1007 875/1002/1020
f 786/902/920 792/1639/919 880/1003/1021 876/1004/1022
f 876/1004/1022 880/1003/1021 881/1005/1023 877/1006/1024
f 877/1006/1024 881/1005/1023 882/1007/1025 878/1008/1026
f 878/1008/1026 882/1007/1025 883/1009/1027 879/1010/1028
f 792/1639/919 907/1621/1029 908/1012/1030 880/1003/1021
f 880/1003/1021 908/1012/1030 909/1013/1031 881/1005/1023
f 881/1005/1023 909/1013/1031 910/1014/1032 882/1007/1025
f 882/1007/1025 910/1014/1032 911/1015/1033 883/1009/1027
f 791/1620/998 785/1640/1016 888/1016/1034 884/1017/1035
f 884/1017/1035 888/1016/1034 889/1018/1036 885/1019/1037
f 885/1019/1037 889/1018/1036 890/1020/1038 886/1021/1039
f 886/1021/1039 890/1020/1038 891/1022/1040 887/1023/1041
f 893/945/963 892/1627/962 794/1626/930 836/950/968
f 894/946/964 893/945/963 836/950/968 837/952/970
f 895/947/965 894/946/964 837/952/970 838/954/972
f 896/948/966 895/947/965 838/954/972 839/956/974
f 898/922/940 897/1625/939 793/1624/905 820/927/945
f 899/923/941 898/922/940 820/927/945 821/929/947
f 900/924/942 899/923/941 821/929/947 822/931/949
f 901/925/943 900/924/942 822/931/949 823/933/951
f 903/897/915 902/1623/914 792/1622/919 804/904/922
f 904/898/916 903/897/915 804/904/922 805/906/924
f 905/899/917 904/898/916 805/906/924 806/908/926
f 906/900/918 905/899/917 806/908/926 807/910/928
f 908/1012/1030 907/1621/1029 791/1620/998 884/1017/1035
f 909/1013/1031 908/1012/1030 884/1017/1035 885/1019/1037
f 910/1014/1032 909/1013/1031 885/1019/1037 886/1021/1039
f 911/1015/1033 910/1014/1032 886/1021/1039 887/1023/1041
f 913/982/1000 912/1619/999 790/1618/976 860/991/1009
f 914/984/1002 913/982/1000 860/991/1009 861/993/1011
f 915/986/1004 914/984/1002 861/993/1011 862/995/1013
f 916/988/1006 915/986/1004 862/995/1013 863/997/1015
f 918/968/986 917/1617/985 795/1628/953 852/973/991
f 919/969/987 918/968/986 852/973/991 853/975/993
f 920/970/988 919/969/987 853/975/993 854/977/995
f 921/971/989 920/970/988 854/977/995 855/979/997
f 912/981/999 791/980/998 923/1024/1042 922/1025/1043
f 907/1011/1029 792/901/919 925/1026/1044 924/1027/1045
f 902/896/914 793/887/905 927/1028/1046 926/1029/1047
f 897/921/939 794/912/930 929/1030/1048 928/1031/1049
f 892/944/962 795/1828/953 931/1827/1050 930/1033/1051
f 917/967/985 790/958/976 933/1034/1052 932/1035/1053
f 794/912/930 892/944/962 930/1033/1051 929/1030/1048
f 793/887/905 897/921/939 928/1031/1049 927/1028/1046
f 792/901/919 902/896/914 926/1029/1047 925/1026/1044
f 791/980/998 907/1011/1029 924/1027/1045 923/1024/1042
f 790/958/976 912/981/999 922/1025/1043 933/1034/1052
f 795/935/953 917/967/985 932/1035/1053 931/1032/1050
f 922/1025/1043 923/1024/1042 935/1036/1054 934/1037/1055
f 924/1027/1045 925/1026/1044 937/1038/1056 936/1039/1057
f 926/1029/1047 927/1028/1046 939/1040/1058 938/1041/1059
f 928/1031/1049 929/1030/1048 941/1042/1060 940/1043/1061
f 930/1033/1051 931/1827/1050 943/1826/1062 942/1045/1063
f 932/1035/1053 933/1034/1052 945/1046/1064 944/1047/1065
f 929/1030/1048 930/1033/1051 942/1045/1063 941/1042/1060
f 927/1028/1046 928/1031/1049 940/1043/1061 939/1040/1058
f 925/1026/1044 926/1029/1047 938/1041/1059 937/1038/1056
f 923/1024/1042 924/1027/1045 936/1039/1057 935/1036/1054
f 933/1034/1052 922/1025/1043 934/1037/1055 945/1046/1064
f 931/1032/1050 932/1035/1053 944/1047/1065 943/1044/1062
f 934/1037/1055 935/1036/1054 964/1048/1066 965/1049/1067
f 936/1039/1057 937/1038/1056 962/1050/1068 963/1051/1069
f 938/1041/1059 939/1040/1058 960/1052/1070 961/1053/1071
f 940/1043/1061 941/1042/1060 958/1054/1072 959/1055/1073
f 944/1047/1065 945/1046/1064 966/1056/1074 967/1057/1075
f 939/1040/1058 940/1043/1061 959/1055/1073 960/1052/1070
f 937/1038/1056 938/1041/1059 961/1053/1071 962/1050/1068
f 935/1036/1054 936/1039/1057 963/1051/1069 964/1048/1066
f 945/1046/1064 934/1037/1055 965/1049/1067 966/1056/1074
f 943/1044/1062 944/1047/1065 967/1057/1075 968/1824/1076
f 946/1059/1077 947/1060/1078 988/1061/1079 989/1062/1080
f 948/1063/1081 949/1064/1082 986/1065/1083 987/1066/1084
f 950/1067/1085 951/1068/1086 984/1069/1087 985/1070/1088
f 952/1071/1089 953/1072/1090 982/1073/1091 983/1074/1092
f 954/1075/1093 955/1076/1094 992/1077/1095 981/1078/1096
f 956/1079/1097 957/1080/1098 990/1081/1099 991/1082/1100
f 953/1072/1090 954/1075/1093 981/1078/1096 982/1073/1091
f 951/1068/1086 952/1071/1089 983/1074/1092 984/1069/1087
f 949/1064/1082 950/1067/1085 985/1070/1088 986/1065/1083
f 947/1060/1078 948/1063/1081 987/1066/1084 988/1061/1079
f 957/1080/1098 946/1059/1077 989/1062/1080 990/1081/1099
f 955/1825/1094 956/1079/1097 991/1082/1100 992/1823/1095
f 959/1055/1073 958/1054/1072 953/1072/1090 952/1071/1089
f 960/1052/1070 959/1055/1073 952/1071/1089 951/1068/1086
f 961/1053/1071 960/1052/1070 951/1068/1086 950/1067/1085
f 962/1050/1068 961/1053/1071 950/1067/1085 949/1064/1082
f 963/1051/1069 962/1050/1068 949/1064/1082 948/1063/1081
f 964/1048/1066 963/1051/1069 948/1063/1081 947/1060/1078
f 965/1049/1067 964/1048/1066 947/1060/1078 946/1059/1077
f 966/1056/1074 965/1049/1067 946/1059/1077 957/1080/1098
f 967/1057/1075 966/1056/1074 957/1080/1098 956/1079/1097
f 968/1824/1076 967/1057/1075 956/1079/1097 955/1825/1094
f 982/1073/1091 981/1078/1096 980/1605/1101 969/1606/1102
f 983/1074/1092 982/1073/1091 969/1606/1102 970/1616/1103
f 984/1069/1087 983/1074/1092 970/1616/1103 971/1615/1104
f 985/1070/1088 984/1069/1087 971/1615/1104 972/1614/1105
f 986/1065/1083 985/1070/1088 972/1614/1105 973/1613/1106
f 987/1066/1084 986/1065/1083 973/1613/1106 974/1612/1107
f 988/1061/1079 987/1066/1084 974/1612/1107 975/1611/1108
f 989/1062/1080 988/1061/1079 975/1611/1108 976/1610/1109
f 990/1081/1099 989/1062/1080 976/1610/1109 977/1609/1110
f 991/1082/1100 990/1081/1099 977/1609/1110 978/1608/1111
f 992/1823/1095 991/1082/1100 978/1608/1111 979/1607/1112
f 981/1078/1096 992/1077/1095 979/1822/1112 980/1605/1101
f 996/1095/1113 994/1803/1114 1251/1097/1115 1252/1098/1116
f 1000/1099/1117 996/1095/1113 1252/1098/1116 1253/1100/1118
f 1003/1101/1119 1000/1099/1117 1253/1100/1118 1254/1102/1120
f 1006/1103/1121 1003/1101/1119 1254/1102/1120 1255/1104/1122
f 1009/1105/1123 1006/1103/1121 1255/1104/1122 1256/1106/1124
f 1012/1107/1125 1009/1105/1123 1256/1106/1124 1257/1108/1126
f 1015/1109/1127 1012/1107/1125 1257/1108/1126 1258/1110/1128
f 1018/1111/1129 1015/1109/1127 1258/1110/1128 1259/1112/1130
f 1021/1113/1131 1018/1111/1129 1259/1112/1130 1260/1114/1132
f 1024/1115/1133 1021/1113/1131 1260/1114/1132 1249/1116/1134
f 1027/1117/1135 1024/1115/1133 1249/1116/1134 1250/1118/1136
f 994/1803/1114 1027/1117/1135 1250/1118/1136 1251/1097/1115
usemtl lambert3SG
f 998/1119/1137 997/1120/1138 1029/1121/1139
f 1001/1122/1140 998/1119/1137 1029/1121/1139
f 1004/1123/1141 1001/1122/1140 1029/1121/1139
f 1007/1124/1142 1004/1123/1141 1029/1121/1139
f 1010/1125/1143 1007/1124/1142 1029/1121/1139
f 1013/1126/1144 1010/1125/1143 1029/1121/1139
f 1016/1127/1145 1013/1126/1144 1029/1121/1139
f 1019/1128/1146 1016/1127/1145 1029/1121/1139
f 1022/1129/1147 1019/1128/1146 1029/1121/1139
f 1025/1130/1148 1022/1129/1147 1029/1121/1139
f 1028/1131/1149 1025/1130/1148 1029/1121/1139
f 997/1120/1138 1028/1131/1149 1029/1121/1139
usemtl lambert4SG
f 1134/1132/1150 1131/1703/1151 1137/1698/1152 1138/1135/1153
f 995/1718/1154 993/1715/1155 994/1096/1114 996/1813/1113
f 1141/1138/1156 1134/1132/1150 1138/1135/1153 1144/1139/1157
f 999/1717/1158 995/1718/1154 996/1813/1113 1000/1812/1117
f 972/1087/1105 971/1719/1104 1030/1716/1159 1031/1142/1160
f 1002/1143/1161 999/1717/1158 1000/1812/1117 1003/1811/1119
f 973/1088/1106 972/1087/1105 1031/1142/1160 1032/1144/1162
f 1005/1145/1163 1002/1143/1161 1003/1811/1119 1006/1810/1121
f 974/1089/1107 973/1088/1106 1032/1144/1162 1033/1146/1164
f 1008/1147/1165 1005/1145/1163 1006/1810/1121 1009/1809/1123
f 975/1090/1108 974/1089/1107 1033/1146/1164 1034/1148/1166
f 1011/1149/1167 1008/1147/1165 1009/1809/1123 1012/1808/1125
f 976/1091/1109 975/1090/1108 1034/1148/1166 1035/1150/1168
f 1014/1151/1169 1011/1149/1167 1012/1808/1125 1015/1807/1127
f 977/1092/1110 976/1091/1109 1035/1150/1168 1036/1152/1170
f 1017/1153/1171 1014/1151/1169 1015/1807/1127 1018/1806/1129
f 978/1093/1111 977/1092/1110 1036/1152/1170 1037/1154/1172
f 1020/1155/1173 1017/1153/1171 1018/1890/1129 1021/1805/1131
f 979/1094/1112 978/1093/1111 1037/1154/1172 1038/1892/1174
f 1023/1893/1175 1020/1155/1173 1021/1805/1131 1024/1804/1133
f 980/1083/1101 979/1891/1112 1038/1156/1174 1039/1158/1176
f 1026/1159/1177 1023/1157/1175 1024/1894/1133 1027/1802/1135
f 969/1720/1102 980/1083/1101 1039/1158/1176 1040/1714/1178
f 993/1715/1155 1026/1159/1177 1027/1802/1135 994/1096/1114
f 1144/1139/1157 1138/1135/1153 1147/1161/1179 1150/1700/1180
f 1031/1142/1160 1030/1716/1159 999/1717/1158 1002/1143/1161
f 1032/1144/1162 1031/1142/1160 1002/1143/1161 1005/1145/1163
f 1033/1146/1164 1032/1144/1162 1005/1145/1163 1008/1147/1165
f 1034/1148/1166 1033/1146/1164 1008/1147/1165 1011/1149/1167
f 1035/1150/1168 1034/1148/1166 1011/1149/1167 1014/1151/1169
f 1036/1152/1170 1035/1150/1168 1014/1151/1169 1017/1153/1171
f 1037/1154/1172 1036/1152/1170 1017/1153/1171 1020/1155/1173
f 1038/1892/1174 1037/1154/1172 1020/1155/1173 1023/1893/1175
f 1039/1158/1176 1038/1156/1174 1023/1157/1175 1026/1159/1177
f 1040/1714/1178 1039/1158/1176 1026/1159/1177 993/1715/1155
f 1138/1135/1153 1137/1698/1152 1153/1695/1181 1147/1161/1179
f 970/1085/1103 969/1084/1102 1155/1671/1182 1156/1165/1183
f 1046/1166/1184 1041/1668/1185 1042/1168/1186 1047/1169/1187
f 1047/1169/1187 1042/1168/1186 1088/1708/1188 1081/1709/1189
f 1048/1713/1190 1043/1707/1191 1044/1174/1192 1049/1175/1193
f 1049/1175/1193 1044/1174/1192 1261/1687/1194 1262/1685/1195
f 969/1084/1102 1040/1160/1178 1154/1670/1196 1155/1671/1182
f 1041/1668/1185 1051/1672/1197 1052/1180/1198 1042/1168/1186
f 1042/1168/1186 1052/1180/1198 1087/1181/1199 1088/1708/1188
f 1043/1707/1191 1053/1182/1200 1054/1183/1201 1044/1174/1192
f 1044/1174/1192 1054/1183/1201 1268/1184/1202 1261/1687/1194
f 971/1086/1104 970/1085/1103 1156/1165/1183 1157/1185/1203
f 1056/1186/1204 1046/1166/1184 1047/1169/1187 1057/1187/1205
f 1057/1187/1205 1047/1169/1187 1081/1709/1189 1082/1710/1206
f 1058/1705/1207 1048/1713/1190 1049/1175/1193 1059/1190/1208
f 1059/1190/1208 1049/1175/1193 1262/1685/1195 1263/1686/1209
f 1030/1141/1159 971/1086/1104 1157/1185/1203 1158/1694/1210
f 1061/1691/1211 1056/1186/1204 1057/1187/1205 1062/1194/1212
f 1062/1194/1212 1057/1187/1205 1082/1710/1206 1083/1195/1213
f 1063/1196/1214 1058/1705/1207 1059/1190/1208 1064/1197/1215
f 1064/1197/1215 1059/1190/1208 1263/1686/1209 1264/1198/1216
f 995/1136/1154 999/1140/1158 1159/1692/1217 1160/1693/1218
f 1066/1854/1219 1071/1711/1220 1072/1203/1221 1067/1861/1222
f 1067/1861/1222 1072/1203/1221 1084/1205/1223 1085/1859/1224
f 1068/1858/1225 1073/1208/1226 1074/1209/1227 1069/1860/1228
f 1069/1860/1228 1074/1209/1227 1265/1211/1229 1266/1853/1230
f 999/1140/1158 1030/1141/1159 1158/1694/1210 1159/1692/1217
f 1071/1711/1220 1061/1691/1211 1062/1194/1212 1072/1203/1221
f 1072/1203/1221 1062/1194/1212 1083/1195/1213 1084/1205/1223
f 1073/1208/1226 1063/1196/1214 1064/1197/1215 1074/1209/1227
f 1074/1209/1227 1064/1197/1215 1264/1198/1216 1265/1211/1229
f 1040/1160/1178 993/1137/1155 1161/1669/1231 1154/1670/1196
f 1051/1672/1197 1076/1666/1232 1077/1215/1233 1052/1180/1198
f 1052/1180/1198 1077/1215/1233 1086/1216/1234 1087/1181/1199
f 1053/1182/1200 1078/1217/1235 1079/1218/1236 1054/1183/1201
f 1054/1183/1201 1079/1218/1236 1267/1219/1237 1268/1184/1202
f 993/1137/1155 995/1847/1154 1160/1848/1218 1161/1669/1231
f 1076/1666/1232 1066/1689/1219 1067/1204/1222 1077/1215/1233
f 1077/1215/1233 1067/1204/1222 1085/1206/1224 1086/1216/1234
f 1078/1217/1235 1068/1207/1225 1069/1210/1228 1079/1218/1236
f 1079/1218/1236 1069/1210/1228 1266/1212/1230 1267/1219/1237
f 1103/1220/1238 1099/1751/1239 1104/1222/1240 1108/1223/1241
f 1083/1195/1213 1082/1710/1206 1091/1704/1242 1092/1225/1243
f 1084/1205/1223 1083/1195/1213 1092/1225/1243 1093/1226/1244
f 1085/1859/1224 1084/1205/1223 1093/1226/1244 1094/1857/1245
f 1086/1216/1234 1085/1206/1224 1094/1227/1245 1095/1228/1246
f 1087/1181/1199 1086/1216/1234 1095/1228/1246 1089/1229/1247
f 1088/1708/1188 1087/1181/1199 1089/1229/1247 1090/1706/1248
f 1099/1751/1239 1112/1750/1249 1116/1749/1250 1104/1222/1240
f 1090/1706/1248 1089/1229/1247 1053/1182/1200 1043/1707/1191
f 1104/1222/1240 1116/1749/1250 1120/1748/1251 1124/1747/1252
f 1108/1223/1241 1104/1222/1240 1124/1747/1252 1128/1746/1253
f 1092/1225/1243 1091/1704/1242 1058/1705/1207 1063/1196/1214
f 1093/1226/1244 1092/1225/1243 1063/1196/1214 1073/1208/1226
f 1094/1857/1245 1093/1226/1244 1073/1208/1226 1068/1858/1225
f 1095/1228/1246 1094/1227/1245 1068/1207/1225 1078/1217/1235
f 1089/1229/1247 1095/1228/1246 1078/1217/1235 1053/1182/1200
f 1082/1188/1206 1081/1171/1189 1096/1236/1254 1100/1237/1255
f 1100/1237/1255 1096/1236/1254 1302/1238/1256 1303/1239/1257
f 1101/1240/1258 1097/1241/1259 1098/1242/1260 1102/1243/1261
f 1102/1243/1261 1098/1242/1260 1099/1221/1239 1103/1752/1238
f 1091/1224/1242 1082/1188/1206 1100/1237/1255 1105/1244/1262
f 1105/1244/1262 1100/1237/1255 1303/1239/1257 1304/1245/1263
f 1106/1246/1264 1101/1240/1258 1102/1243/1261 1107/1247/1265
f 1107/1247/1265 1102/1243/1261 1103/1752/1238 1108/1745/1241
f 1081/1171/1189 1088/1170/1188 1109/1821/1266 1096/1236/1254
f 1096/1236/1254 1109/1821/1266 1301/1816/1267 1302/1238/1256
f 1097/1241/1259 1110/1817/1268 1111/1251/1269 1098/1242/1260
f 1098/1242/1260 1111/1251/1269 1112/1231/1249 1099/1221/1239
f 1088/1170/1188 1090/1230/1248 1113/1819/1270 1109/1821/1266
f 1324/1253/1271 1325/1743/1272 1326/1255/1273 1327/1256/1274
f 1110/1817/1268 1114/1818/1275 1115/1258/1276 1111/1251/1269
f 1111/1251/1269 1115/1258/1276 1116/1232/1250 1112/1231/1249
f 1090/1230/1248 1043/1871/1191 1117/1872/1277 1113/1819/1270
f 1325/1743/1272 1328/1742/1278 1329/1739/1279 1326/1255/1273
f 1114/1818/1275 1118/1815/1280 1119/1263/1281 1115/1258/1276
f 1115/1258/1276 1119/1263/1281 1120/1233/1251 1116/1232/1250
f 1043/1173/1191 1048/1172/1190 1121/1264/1282 1117/1820/1277
f 1117/1820/1277 1121/1264/1282 1306/1265/1283 1307/1814/1284
f 1118/1815/1280 1122/1267/1285 1123/1268/1286 1119/1263/1281
f 1119/1263/1281 1123/1268/1286 1124/1234/1252 1120/1233/1251
f 1048/1172/1190 1058/1873/1207 1125/1878/1287 1121/1264/1282
f 1121/1264/1282 1125/1878/1287 1305/1270/1288 1306/1265/1283
f 1122/1267/1285 1126/1271/1289 1127/1876/1290 1123/1268/1286
f 1123/1268/1286 1127/1876/1290 1128/1877/1253 1124/1234/1252
f 1058/1189/1207 1091/1224/1242 1105/1244/1262 1125/1269/1287
f 1125/1269/1287 1105/1244/1262 1304/1245/1263 1305/1874/1288
f 1126/1875/1289 1106/1246/1264 1107/1247/1265 1127/1272/1290
f 1127/1272/1290 1107/1247/1265 1108/1745/1241 1128/1235/1253
f 1050/1712/1291 1045/1682/1292 1463/1275/1293 1464/1276/1294
f 1132/1277/1295 1129/1278/1296 1130/1279/1297 1133/1280/1298
f 1133/1280/1298 1130/1279/1297 1131/1133/1151 1134/1702/1150
f 1045/1682/1292 1055/1281/1299 1462/1679/1300 1463/1275/1293
f 1129/1278/1296 1135/1677/1301 1136/1284/1302 1130/1279/1297
f 1130/1279/1297 1136/1284/1302 1137/1134/1152 1131/1133/1151
f 1060/1684/1303 1050/1712/1291 1464/1276/1294 1465/1286/1304
f 1139/1287/1305 1132/1277/1295 1133/1280/1298 1140/1288/1306
f 1140/1288/1306 1133/1280/1298 1134/1702/1150 1141/1701/1156
f 1065/1289/1307 1060/1684/1303 1465/1286/1304 1466/1290/1308
f 1142/1291/1309 1139/1287/1305 1140/1288/1306 1143/1292/1310
f 1143/1292/1310 1140/1288/1306 1141/1701/1156 1144/1699/1157
f 1070/1852/1311 1075/1294/1312 1467/1295/1313 1468/1680/1314
f 1145/1849/1315 1148/1298/1316 1149/1299/1317 1146/1855/1318
f 1146/1855/1318 1149/1299/1317 1150/1162/1180 1147/1696/1179
f 1075/1294/1312 1065/1289/1307 1466/1290/1308 1467/1295/1313
f 1148/1298/1316 1142/1291/1309 1143/1292/1310 1149/1299/1317
f 1149/1299/1317 1143/1292/1310 1144/1699/1157 1150/1162/1180
f 1055/1281/1299 1080/1301/1319 1469/1678/1320 1462/1679/1300
f 1135/1677/1301 1151/1697/1321 1152/1304/1322 1136/1284/1302
f 1136/1284/1302 1152/1304/1322 1153/1163/1181 1137/1134/1152
f 1080/1301/1319 1070/1293/1311 1468/1850/1314 1469/1678/1320
f 1151/1697/1321 1145/1675/1315 1146/1300/1318 1152/1304/1322
f 1152/1304/1322 1146/1300/1318 1147/1856/1179 1153/1163/1181
f 1398/1305/1323 1397/1649/1324 1399/1307/1325 1400/1308/1326
f 1156/1165/1183 1155/1671/1182 1162/1667/1327 1163/1310/1328
f 1157/1185/1203 1156/1165/1183 1163/1310/1328 1164/1311/1329
f 1158/1694/1210 1157/1185/1203 1164/1311/1329 1165/1690/1330
f 1177/1800/1331 1172/1801/1332 1182/1798/1333 1183/1316/1334
f 1188/1799/1335 1177/1800/1331 1183/1316/1334 1193/1794/1336
f 1161/1669/1231 1160/1848/1218 1166/1688/1337 1167/1665/1338
f 1397/1649/1324 1401/1648/1339 1402/1645/1340 1399/1307/1325
f 1400/1308/1326 1399/1307/1325 1403/1323/1341 1404/1647/1342
f 1163/1310/1328 1162/1667/1327 1041/1668/1185 1046/1166/1184
f 1164/1311/1329 1163/1310/1328 1046/1166/1184 1056/1186/1204
f 1165/1690/1330 1164/1311/1329 1056/1186/1204 1061/1691/1211
f 1183/1316/1334 1182/1798/1333 1198/1797/1343 1203/1796/1344
f 1193/1794/1336 1183/1316/1334 1203/1796/1344 1208/1795/1345
f 1167/1665/1338 1166/1688/1337 1066/1689/1219 1076/1666/1232
f 1399/1307/1325 1402/1645/1340 1405/1644/1346 1403/1323/1341
f 1159/1199/1217 1158/1192/1210 1416/1329/1347 1417/1330/1348
f 1173/1331/1349 1168/1332/1350 1213/1333/1351 1214/1334/1352
f 1174/1335/1353 1169/1336/1354 1170/1337/1355 1175/1338/1356
f 1175/1338/1356 1170/1337/1355 1171/1339/1357 1176/1340/1358
f 1176/1340/1358 1171/1339/1357 1246/1341/1359 1247/1342/1360
f 1158/1192/1210 1165/1312/1330 1415/1792/1361 1416/1329/1347
f 1168/1332/1350 1178/1789/1362 1212/1345/1363 1213/1333/1351
f 1169/1336/1354 1179/1346/1364 1180/1347/1365 1170/1337/1355
f 1170/1337/1355 1180/1347/1365 1181/1348/1366 1171/1339/1357
f 1171/1339/1357 1181/1348/1366 1245/1349/1367 1246/1341/1359
f 1160/1200/1218 1159/1199/1217 1417/1330/1348 1418/1350/1368
f 1184/1351/1369 1173/1331/1349 1214/1334/1352 1215/1770/1370
f 1185/1771/1371 1174/1335/1353 1175/1338/1356 1186/1354/1372
f 1186/1354/1372 1175/1338/1356 1176/1340/1358 1187/1355/1373
f 1187/1355/1373 1176/1340/1358 1247/1342/1360 1248/1356/1374
f 1166/1319/1337 1160/1200/1218 1418/1350/1368 1419/1357/1375
f 1221/1358/1376 1218/1769/1377 1224/1766/1378 1225/1361/1379
f 1190/1774/1380 1185/1771/1371 1186/1354/1372 1191/1363/1381
f 1191/1363/1381 1186/1354/1372 1187/1355/1373 1192/1364/1382
f 1192/1364/1382 1187/1355/1373 1248/1356/1374 1241/1365/1383
f 1165/1312/1330 1061/1193/1211 1414/1791/1384 1415/1792/1361
f 1178/1789/1362 1194/1793/1385 1211/1368/1386 1212/1345/1363
f 1179/1346/1364 1195/1369/1387 1196/1370/1388 1180/1347/1365
f 1180/1347/1365 1196/1370/1388 1197/1371/1389 1181/1348/1366
f 1181/1348/1366 1197/1371/1389 1244/1372/1390 1245/1349/1367
f 1061/1193/1211 1071/1202/1220 1421/1790/1391 1414/1791/1384
f 1194/1793/1385 1199/1787/1392 1210/1375/1393 1211/1368/1386
f 1195/1369/1387 1200/1376/1394 1201/1377/1395 1196/1370/1388
f 1196/1370/1388 1201/1377/1395 1202/1378/1396 1197/1371/1389
f 1197/1371/1389 1202/1378/1396 1243/1379/1397 1244/1372/1390
f 1071/1202/1220 1066/1829/1219 1420/1380/1398 1421/1790/1391
f 1199/1787/1392 1204/1381/1399 1209/1772/1400 1210/1375/1393
f 1200/1376/1394 1205/1773/1401 1206/1837/1402 1201/1377/1395
f 1201/1377/1395 1206/1837/1402 1207/1836/1403 1202/1378/1396
f 1202/1378/1396 1207/1836/1403 1242/1386/1404 1243/1379/1397
f 1066/1201/1219 1166/1319/1337 1419/1357/1375 1420/1832/1398
f 1228/1387/1405 1221/1358/1376 1225/1361/1379 1231/1388/1406
f 1205/1835/1401 1190/1774/1380 1191/1363/1381 1206/1384/1402
f 1206/1384/1402 1191/1363/1381 1192/1364/1382 1207/1385/1403
f 1207/1385/1403 1192/1364/1382 1241/1365/1383 1242/1833/1404
f 1210/1375/1393 1209/1772/1400 1205/1773/1401 1200/1376/1394
f 1211/1368/1386 1210/1375/1393 1200/1376/1394 1195/1369/1387
f 1212/1345/1363 1211/1368/1386 1195/1369/1387 1179/1346/1364
f 1213/1333/1351 1212/1345/1363 1179/1346/1364 1169/1336/1354
f 1214/1334/1352 1213/1333/1351 1169/1336/1354 1174/1335/1353
f 1215/1770/1370 1214/1334/1352 1174/1335/1353 1185/1771/1371
f 1225/1361/1379 1224/1766/1378 1234/1765/1407 1237/1764/1408
f 1231/1388/1406 1225/1361/1379 1237/1764/1408 1240/1763/1409
f 1189/1775/1410 1184/1777/1369 1216/1393/1411 1219/1394/1412
f 1219/1394/1412 1216/1393/1411 1217/1395/1413 1220/1396/1414
f 1220/1396/1414 1217/1395/1413 1218/1359/1377 1221/1768/1376
f 1184/1777/1369 1215/1352/1370 1222/1397/1415 1216/1393/1411
f 1216/1393/1411 1222/1397/1415 1223/1398/1416 1217/1395/1413
f 1217/1395/1413 1223/1398/1416 1224/1360/1378 1218/1359/1377
f 1204/1838/1399 1189/1775/1410 1219/1394/1412 1226/1841/1417
f 1226/1841/1417 1219/1394/1412 1220/1396/1414 1227/1839/1418
f 1227/1839/1418 1220/1396/1414 1221/1768/1376 1228/1767/1405
f 1209/1382/1400 1204/1776/1399 1226/1399/1417 1229/1401/1419
f 1229/1401/1419 1226/1399/1417 1227/1400/1418 1230/1402/1420
f 1230/1402/1420 1227/1400/1418 1228/1840/1405 1231/1762/1406
f 1215/1352/1370 1185/1353/1371 1232/1403/1421 1222/1397/1415
f 1222/1397/1415 1232/1403/1421 1233/1404/1422 1223/1398/1416
f 1223/1398/1416 1233/1404/1422 1234/1389/1407 1224/1360/1378
f 1185/1353/1371 1190/1362/1380 1235/1405/1423 1232/1403/1421
f 1232/1403/1421 1235/1405/1423 1236/1406/1424 1233/1404/1422
f 1233/1404/1422 1236/1406/1424 1237/1390/1408 1234/1389/1407
f 1190/1362/1380 1205/1383/1401 1238/1407/1425 1235/1405/1423
f 1235/1405/1423 1238/1407/1425 1239/1408/1426 1236/1406/1424
f 1236/1406/1424 1239/1408/1426 1240/1391/1409 1237/1390/1408
f 1205/1383/1401 1209/1382/1400 1229/1401/1419 1238/1407/1425
f 1238/1407/1425 1229/1401/1419 1230/1402/1420 1239/1408/1426
f 1239/1408/1426 1230/1402/1420 1231/1762/1406 1240/1391/1409
f 1242/1833/1404 1241/1365/1383 1193/1318/1336 1208/1834/1345
f 1243/1379/1397 1242/1386/1404 1208/1327/1345 1203/1326/1344
f 1244/1372/1390 1243/1379/1397 1203/1326/1344 1198/1325/1343
f 1245/1349/1367 1244/1372/1390 1198/1325/1343 1182/1315/1333
f 1246/1341/1359 1245/1349/1367 1182/1315/1333 1172/1314/1332
f 1247/1342/1360 1246/1341/1359 1172/1314/1332 1177/1313/1331
f 1248/1356/1374 1247/1342/1360 1177/1313/1331 1188/1317/1335
f 1241/1365/1383 1248/1356/1374 1188/1317/1335 1193/1318/1336
f 1250/1118/1136 1249/1116/1134 1025/1130/1148 1028/1131/1149
f 1251/1097/1115 1250/1118/1136 1028/1131/1149 997/1120/1138
f 1252/1098/1116 1251/1097/1115 997/1120/1138 998/1119/1137
f 1253/1100/1118 1252/1098/1116 998/1119/1137 1001/1122/1140
f 1254/1102/1120 1253/1100/1118 1001/1122/1140 1004/1123/1141
f 1255/1104/1122 1254/1102/1120 1004/1123/1141 1007/1124/1142
f 1256/1106/1124 1255/1104/1122 1007/1124/1142 1010/1125/1143
f 1257/1108/1126 1256/1106/1124 1010/1125/1143 1013/1126/1144
f 1258/1110/1128 1257/1108/1126 1013/1126/1144 1016/1127/1145
f 1259/1112/1130 1258/1110/1128 1016/1127/1145 1019/1128/1146
f 1260/1114/1132 1259/1112/1130 1019/1128/1146 1022/1129/1147
f 1249/1116/1134 1260/1114/1132 1022/1129/1147 1025/1130/1148
f 1281/1735/1427 1278/1736/1428 1284/1731/1429 1285/1412/1430
f 1288/1734/1431 1281/1735/1427 1285/1412/1430 1291/1732/1432
f 1264/1198/1216 1263/1686/1209 1269/1683/1433 1270/1416/1434
f 1265/1211/1229 1264/1198/1216 1270/1416/1434 1271/1417/1435
f 1266/1853/1230 1265/1211/1229 1271/1417/1435 1272/1851/1436
f 1267/1219/1237 1266/1212/1230 1272/1418/1436 1273/1419/1437
f 1268/1184/1202 1267/1219/1237 1273/1419/1437 1274/1420/1438
f 1261/1687/1194 1268/1184/1202 1274/1420/1438 1275/1681/1439
f 1291/1732/1432 1285/1412/1430 1294/1730/1440 1297/1733/1441
f 1270/1416/1434 1269/1683/1433 1060/1684/1303 1065/1289/1307
f 1271/1417/1435 1270/1416/1434 1065/1289/1307 1075/1294/1312
f 1272/1851/1436 1271/1417/1435 1075/1294/1312 1070/1852/1311
f 1273/1419/1437 1272/1418/1436 1070/1293/1311 1080/1301/1319
f 1274/1420/1438 1273/1419/1437 1080/1301/1319 1055/1281/1299
f 1275/1681/1439 1274/1420/1438 1055/1281/1299 1045/1682/1292
f 1285/1412/1430 1284/1731/1429 1300/1729/1442 1294/1730/1440
f 1262/1177/1195 1261/1176/1194 1276/1425/1443 1279/1426/1444
f 1279/1426/1444 1276/1425/1443 1277/1427/1445 1280/1428/1446
f 1280/1428/1446 1277/1427/1445 1408/1429/1447 1409/1430/1448
f 1261/1176/1194 1275/1421/1439 1282/1431/1449 1276/1425/1443
f 1276/1425/1443 1282/1431/1449 1283/1432/1450 1277/1427/1445
f 1277/1427/1445 1283/1432/1450 1407/1433/1451 1408/1429/1447
f 1263/1191/1209 1262/1177/1195 1279/1426/1444 1286/1434/1452
f 1286/1434/1452 1279/1426/1444 1280/1428/1446 1287/1435/1453
f 1287/1435/1453 1280/1428/1446 1409/1430/1448 1410/1436/1454
f 1269/1415/1433 1263/1191/1209 1286/1434/1452 1289/1437/1455
f 1289/1437/1455 1286/1434/1452 1287/1435/1453 1290/1438/1456
f 1290/1438/1456 1287/1435/1453 1410/1436/1454 1411/1439/1457
f 1050/1273/1291 1060/1285/1303 1295/1440/1458 1292/1441/1459
f 1292/1441/1459 1295/1440/1458 1296/1442/1460 1293/1443/1461
f 1293/1443/1461 1296/1442/1460 1412/1444/1462 1413/1445/1463
f 1060/1285/1303 1269/1415/1433 1289/1437/1455 1295/1440/1458
f 1295/1440/1458 1289/1437/1455 1290/1438/1456 1296/1442/1460
f 1296/1442/1460 1290/1438/1456 1411/1439/1457 1412/1444/1462
f 1275/1421/1439 1045/1866/1292 1298/1870/1464 1282/1431/1449
f 1282/1431/1449 1298/1870/1464 1299/1869/1465 1283/1432/1450
f 1283/1432/1450 1299/1869/1465 1406/1867/1466 1407/1433/1451
f 1045/1274/1292 1050/1273/1291 1292/1441/1459 1298/1446/1464
f 1298/1446/1464 1292/1441/1459 1293/1443/1461 1299/1447/1465
f 1299/1447/1465 1293/1443/1461 1413/1445/1463 1406/1448/1466
f 1327/1256/1274 1326/1255/1273 1330/1449/1467 1331/1741/1468
f 1302/1238/1256 1301/1816/1267 1110/1817/1268 1097/1241/1259
f 1303/1239/1257 1302/1238/1256 1097/1241/1259 1101/1240/1258
f 1304/1245/1263 1303/1239/1257 1101/1240/1258 1106/1246/1264
f 1305/1874/1288 1304/1245/1263 1106/1246/1264 1126/1875/1289
f 1306/1265/1283 1305/1270/1288 1126/1271/1289 1122/1267/1285
f 1307/1814/1284 1306/1265/1283 1122/1267/1285 1118/1815/1280
f 1326/1255/1273 1329/1739/1279 1332/1738/1469 1330/1449/1467
f 1109/1248/1266 1113/1252/1270 1309/1452/1470 1308/1453/1471
f 1301/1249/1267 1109/1248/1266 1308/1453/1471 1310/1454/1472
f 1113/1252/1270 1117/1259/1277 1311/1455/1473 1309/1452/1470
f 1117/1259/1277 1307/1879/1284 1312/1882/1474 1311/1455/1473
f 1114/1257/1275 1110/1250/1268 1314/1457/1475 1313/1458/1476
f 1110/1250/1268 1301/1249/1267 1310/1454/1472 1314/1457/1475
f 1307/1266/1284 1118/1262/1280 1315/1459/1477 1312/1456/1474
f 1118/1262/1280 1114/1257/1275 1313/1458/1476 1315/1459/1477
f 1308/1453/1471 1309/1452/1470 1317/1460/1478 1316/1461/1479
f 1310/1454/1472 1308/1453/1471 1316/1461/1479 1318/1462/1480
f 1309/1452/1470 1311/1455/1473 1319/1463/1481 1317/1460/1478
f 1311/1455/1473 1312/1882/1474 1320/1880/1482 1319/1463/1481
f 1313/1458/1476 1314/1457/1475 1322/1465/1483 1321/1466/1484
f 1314/1457/1475 1310/1454/1472 1318/1462/1480 1322/1465/1483
f 1312/1456/1474 1315/1459/1477 1323/1467/1485 1320/1464/1482
f 1315/1459/1477 1313/1458/1476 1321/1466/1484 1323/1467/1485
f 1316/1461/1479 1317/1460/1478 1325/1254/1272 1324/1744/1271
f 1318/1462/1480 1316/1461/1479 1324/1744/1271 1327/1740/1274
f 1317/1460/1478 1319/1463/1481 1328/1260/1278 1325/1254/1272
f 1319/1463/1481 1320/1880/1482 1329/1881/1279 1328/1260/1278
f 1321/1466/1484 1322/1465/1483 1331/1450/1468 1330/1737/1467
f 1322/1465/1483 1318/1462/1480 1327/1740/1274 1331/1450/1468
f 1320/1464/1482 1323/1467/1485 1332/1451/1469 1329/1261/1279
f 1323/1467/1485 1321/1466/1484 1330/1737/1467 1332/1451/1469
f 1155/1164/1182 1154/1178/1196 1333/1468/1486 1336/1469/1487
f 1336/1469/1487 1333/1468/1486 1334/1470/1488 1337/1471/1489
f 1337/1471/1489 1334/1470/1488 1366/1472/1490 1367/1473/1491
f 1162/1309/1327 1155/1164/1182 1336/1469/1487 1339/1474/1492
f 1339/1474/1492 1336/1469/1487 1337/1471/1489 1340/1475/1493
f 1340/1475/1493 1337/1471/1489 1367/1473/1491 1368/1476/1494
f 1154/1178/1196 1161/1213/1231 1342/1477/1495 1333/1468/1486
f 1333/1468/1486 1342/1477/1495 1343/1664/1496 1334/1470/1488
f 1334/1470/1488 1343/1664/1496 1365/1660/1497 1366/1472/1490
f 1161/1213/1231 1167/1320/1338 1345/1480/1498 1342/1477/1495
f 1342/1477/1495 1345/1480/1498 1346/1663/1499 1343/1664/1496
f 1374/1482/1500 1377/1653/1501 1378/1484/1502 1381/1485/1503
f 1051/1179/1197 1041/1167/1185 1351/1486/1504 1348/1889/1505
f 1348/1889/1505 1351/1486/1504 1352/1488/1506 1349/1888/1507
f 1349/1888/1507 1352/1488/1506 1369/1490/1508 1370/1886/1509
f 1041/1167/1185 1162/1309/1327 1339/1474/1492 1351/1486/1504
f 1351/1486/1504 1339/1474/1492 1340/1475/1493 1352/1488/1506
f 1352/1488/1506 1340/1475/1493 1368/1476/1494 1369/1490/1508
f 1167/1320/1338 1076/1214/1232 1354/1492/1510 1345/1480/1498
f 1345/1480/1498 1354/1492/1510 1355/1761/1511 1346/1663/1499
f 1377/1653/1501 1384/1759/1512 1387/1755/1513 1378/1484/1502
f 1076/1214/1232 1051/1883/1197 1348/1487/1505 1354/1492/1510
f 1354/1492/1510 1348/1487/1505 1349/1489/1507 1355/1761/1511
f 1355/1761/1511 1349/1489/1507 1370/1491/1509 1371/1652/1514
f 1358/1661/1515 1357/1662/1516 1347/1499/1517 1344/1500/1518
f 1359/1501/1519 1358/1661/1515 1344/1500/1518 1335/1502/1520
f 1360/1503/1521 1359/1501/1519 1335/1502/1520 1338/1504/1522
f 1361/1505/1523 1360/1503/1521 1338/1504/1522 1341/1506/1524
f 1362/1507/1525 1361/1505/1523 1341/1506/1524 1353/1508/1526
f 1363/1887/1527 1362/1507/1525 1353/1508/1526 1350/1510/1528
f 1364/1659/1529 1363/1509/1527 1350/1884/1528 1356/1512/1530
f 1357/1662/1516 1364/1659/1529 1356/1512/1530 1347/1499/1517
f 1381/1485/1503 1378/1484/1502 1390/1513/1531 1393/1758/1532
f 1366/1472/1490 1365/1660/1497 1358/1661/1515 1359/1501/1519
f 1367/1473/1491 1366/1472/1490 1359/1501/1519 1360/1503/1521
f 1368/1476/1494 1367/1473/1491 1360/1503/1521 1361/1505/1523
f 1369/1490/1508 1368/1476/1494 1361/1505/1523 1362/1507/1525
f 1370/1886/1509 1369/1490/1508 1362/1507/1525 1363/1887/1527
f 1371/1652/1514 1370/1491/1509 1363/1509/1527 1364/1659/1529
f 1378/1484/1502 1387/1756/1513 1396/1753/1533 1390/1513/1531
f 1343/1478/1496 1346/1481/1499 1375/1516/1534 1372/1517/1535
f 1372/1517/1535 1375/1516/1534 1376/1518/1536 1373/1519/1537
f 1373/1519/1537 1376/1518/1536 1377/1483/1501 1374/1658/1500
f 1365/1479/1497 1343/1478/1496 1372/1517/1535 1379/1520/1538
f 1379/1520/1538 1372/1517/1535 1373/1519/1537 1380/1521/1539
f 1380/1521/1539 1373/1519/1537 1374/1658/1500 1381/1757/1503
f 1346/1481/1499 1355/1657/1511 1382/1656/1540 1375/1516/1534
f 1375/1516/1534 1382/1656/1540 1383/1655/1541 1376/1518/1536
f 1376/1518/1536 1383/1655/1541 1384/1654/1512 1377/1483/1501
f 1355/1493/1511 1371/1760/1514 1385/1651/1542 1382/1522/1540
f 1382/1522/1540 1385/1651/1542 1386/1525/1543 1383/1523/1541
f 1383/1523/1541 1386/1525/1543 1387/1495/1513 1384/1494/1512
f 1357/1498/1516 1358/1497/1515 1391/1526/1544 1388/1527/1545
f 1388/1527/1545 1391/1526/1544 1392/1528/1546 1389/1529/1547
f 1389/1529/1547 1392/1528/1546 1393/1514/1532 1390/1754/1531
f 1358/1497/1515 1365/1479/1497 1379/1520/1538 1391/1526/1544
f 1391/1526/1544 1379/1520/1538 1380/1521/1539 1392/1528/1546
f 1392/1528/1546 1380/1521/1539 1381/1757/1503 1393/1514/1532
f 1371/1496/1514 1364/1511/1529 1394/1530/1548 1385/1524/1542
f 1385/1524/1542 1394/1530/1548 1395/1531/1549 1386/1525/1543
f 1386/1525/1543 1395/1531/1549 1396/1515/1533 1387/1495/1513
f 1364/1511/1529 1357/1498/1516 1388/1527/1545 1394/1530/1548
f 1394/1530/1548 1388/1527/1545 1389/1529/1547 1395/1531/1549
f 1395/1531/1549 1389/1529/1547 1390/1754/1531 1396/1515/1533
f 1338/1504/1522 1335/1502/1520 1397/1306/1324 1398/1650/1323
f 1341/1506/1524 1338/1504/1522 1398/1650/1323 1400/1646/1326
f 1335/1502/1520 1344/1500/1518 1401/1321/1339 1397/1306/1324
f 1344/1500/1518 1347/1499/1517 1402/1322/1340 1401/1321/1339
f 1350/1510/1528 1353/1508/1526 1404/1324/1342 1403/1643/1341
f 1353/1508/1526 1341/1506/1524 1400/1646/1326 1404/1324/1342
f 1347/1499/1517 1356/1512/1530 1405/1328/1346 1402/1322/1340
f 1356/1512/1530 1350/1884/1528 1403/1885/1341 1405/1328/1346
f 1407/1433/1451 1406/1867/1466 1300/1424/1442 1284/1411/1429
f 1408/1429/1447 1407/1433/1451 1284/1411/1429 1278/1410/1428
f 1409/1430/1448 1408/1429/1447 1278/1410/1428 1281/1409/1427
f 1410/1436/1454 1409/1430/1448 1281/1409/1427 1288/1413/1431
f 1411/1439/1457 1410/1436/1454 1288/1413/1431 1291/1414/1432
f 1412/1444/1462 1411/1439/1457 1291/1414/1432 1297/1423/1441
f 1413/1445/1463 1412/1444/1462 1297/1423/1441 1294/1422/1440
f 1406/1448/1466 1413/1445/1463 1294/1422/1440 1300/1868/1442
f 1436/1532/1550 1432/1784/1551 1437/1534/1552 1441/1535/1553
f 1416/1329/1347 1415/1792/1361 1422/1788/1554 1423/1537/1555
f 1417/1330/1348 1416/1329/1347 1423/1537/1555 1424/1538/1556
f 1418/1350/1368 1417/1330/1348 1424/1538/1556 1425/1539/1557
f 1419/1357/1375 1418/1350/1368 1425/1539/1557 1426/1540/1558
f 1420/1832/1398 1419/1357/1375 1426/1540/1558 1427/1830/1559
f 1421/1790/1391 1420/1380/1398 1427/1541/1559 1428/1786/1560
f 1432/1784/1551 1445/1783/1561 1449/1780/1562 1437/1534/1552
f 1441/1535/1553 1437/1534/1552 1453/1545/1563 1457/1782/1564
f 1423/1537/1555 1422/1788/1554 1178/1789/1362 1168/1332/1350
f 1424/1538/1556 1423/1537/1555 1168/1332/1350 1173/1331/1349
f 1425/1539/1557 1424/1538/1556 1173/1331/1349 1184/1351/1369
f 1426/1540/1558 1425/1539/1557 1184/1351/1369 1189/1392/1410
f 1427/1830/1559 1426/1540/1558 1189/1392/1410 1204/1831/1399
f 1428/1786/1560 1427/1541/1559 1204/1381/1399 1199/1787/1392
f 1437/1534/1552 1449/1780/1562 1461/1779/1565 1453/1545/1563
f 1415/1343/1361 1414/1366/1384 1429/1548/1566 1433/1549/1567
f 1433/1549/1567 1429/1548/1566 1430/1550/1568 1434/1551/1569
f 1434/1551/1569 1430/1550/1568 1431/1552/1570 1435/1553/1571
f 1435/1553/1571 1431/1552/1570 1432/1533/1551 1436/1785/1550
f 1422/1536/1554 1415/1343/1361 1433/1549/1567 1438/1554/1572
f 1438/1554/1572 1433/1549/1567 1434/1551/1569 1439/1555/1573
f 1439/1555/1573 1434/1551/1569 1435/1553/1571 1440/1556/1574
f 1440/1556/1574 1435/1553/1571 1436/1785/1550 1441/1781/1553
f 1414/1366/1384 1421/1373/1391 1442/1557/1575 1429/1548/1566
f 1429/1548/1566 1442/1557/1575 1443/1558/1576 1430/1550/1568
f 1430/1550/1568 1443/1558/1576 1444/1559/1577 1431/1552/1570
f 1431/1552/1570 1444/1559/1577 1445/1543/1561 1432/1533/1551
f 1421/1373/1391 1428/1842/1560 1446/1846/1578 1442/1557/1575
f 1442/1557/1575 1446/1846/1578 1447/1845/1579 1443/1558/1576
f 1443/1558/1576 1447/1845/1579 1448/1843/1580 1444/1559/1577
f 1444/1559/1577 1448/1843/1580 1449/1844/1562 1445/1543/1561
f 1194/1367/1385 1178/1344/1362 1454/1563/1581 1450/1564/1582
f 1450/1564/1582 1454/1563/1581 1455/1565/1583 1451/1566/1584
f 1451/1566/1584 1455/1565/1583 1456/1567/1585 1452/1568/1586
f 1452/1568/1586 1456/1567/1585 1457/1546/1564 1453/1778/1563
f 1178/1344/1362 1422/1536/1554 1438/1554/1572 1454/1563/1581
f 1454/1563/1581 1438/1554/1572 1439/1555/1573 1455/1565/1583
f 1455/1565/1583 1439/1555/1573 1440/1556/1574 1456/1567/1585
f 1456/1567/1585 1440/1556/1574 1441/1781/1553 1457/1546/1564
f 1428/1542/1560 1199/1374/1392 1458/1569/1587 1446/1560/1578
f 1446/1560/1578 1458/1569/1587 1459/1570/1588 1447/1561/1579
f 1447/1561/1579 1459/1570/1588 1460/1571/1589 1448/1562/1580
f 1448/1562/1580 1460/1571/1589 1461/1547/1565 1449/1544/1562
f 1199/1374/1392 1194/1367/1385 1450/1564/1582 1458/1569/1587
f 1458/1569/1587 1450/1564/1582 1451/1566/1584 1459/1570/1588
f 1459/1570/1588 1451/1566/1584 1452/1568/1586 1460/1571/1589
f 1460/1571/1589 1452/1568/1586 1453/1778/1563 1461/1547/1565
f 1463/1275/1293 1462/1679/1300 1470/1676/1590 1471/1573/1591
f 1464/1276/1294 1463/1275/1293 1471/1573/1591 1472/1574/1592
f 1465/1286/1304 1464/1276/1294 1472/1574/1592 1473/1575/1593
f 1466/1290/1308 1465/1286/1304 1473/1575/1593 1474/1576/1594
f 1467/1295/1313 1466/1290/1308 1474/1576/1594 1475/1577/1595
f 1468/1680/1314 1467/1295/1313 1475/1577/1595 1476/1674/1596
f 1482/1579/1597 1479/1728/1598 1485/1725/1599 1486/1582/1600
f 1489/1583/1601 1482/1579/1597 1486/1582/1600 1492/1584/1602
f 1471/1573/1591 1470/1676/1590 1135/1677/1301 1129/1278/1296
f 1472/1574/1592 1471/1573/1591 1129/1278/1296 1132/1277/1295
f 1473/1575/1593 1472/1574/1592 1132/1277/1295 1139/1287/1305
f 1474/1576/1594 1473/1575/1593 1139/1287/1305 1142/1291/1309
f 1475/1577/1595 1474/1576/1594 1142/1291/1309 1148/1298/1316
f 1476/1674/1596 1475/1577/1595 1148/1298/1316 1145/1849/1315
f 1486/1582/1600 1485/1725/1599 1495/1724/1603 1498/1723/1604
f 1492/1584/1602 1486/1582/1600 1498/1723/1604 1501/1722/1605
f 1469/1302/1320 1468/1296/1314 1477/1588/1606 1480/1589/1607
f 1480/1589/1607 1477/1588/1606 1478/1590/1608 1481/1591/1609
f 1481/1591/1609 1478/1590/1608 1479/1580/1598 1482/1727/1597
f 1468/1296/1314 1476/1578/1596 1483/1592/1610 1477/1588/1606
f 1477/1588/1606 1483/1592/1610 1484/1593/1611 1478/1590/1608
f 1478/1590/1608 1484/1593/1611 1485/1581/1599 1479/1580/1598
f 1462/1282/1300 1469/1302/1320 1480/1589/1607 1487/1594/1612
f 1487/1594/1612 1480/1589/1607 1481/1591/1609 1488/1595/1613
f 1488/1595/1613 1481/1591/1609 1482/1727/1597 1489/1726/1601
f 1470/1572/1590 1462/1282/1300 1487/1594/1612 1490/1596/1614
f 1490/1596/1614 1487/1594/1612 1488/1595/1613 1491/1597/1615
f 1491/1597/1615 1488/1595/1613 1489/1726/1601 1492/1721/1602
f 1476/1578/1596 1145/1862/1315 1493/1865/1616 1483/1592/1610
f 1483/1592/1610 1493/1865/1616 1494/1863/1617 1484/1593/1611
f 1484/1593/1611 1494/1863/1617 1495/1864/1603 1485/1581/1599
f 1145/1297/1315 1151/1303/1321 1496/1600/1618 1493/1598/1616
f 1493/1598/1616 1496/1600/1618 1497/1601/1619 1494/1599/1617
f 1494/1599/1617 1497/1601/1619 1498/1586/1604 1495/1585/1603
f 1151/1303/1321 1135/1283/1301 1499/1602/1620 1496/1600/1618
f 1496/1600/1618 1499/1602/1620 1500/1603/1621 1497/1601/1619
f 1497/1601/1619 1500/1603/1621 1501/1587/1605 1498/1586/1604
f 1135/1283/1301 1470/1572/1590 1490/1596/1614 1499/1602/1620
f 1499/1602/1620 1490/1596/1614 1491/1597/1615 1500/1603/1621
f 1500/1603/1621 1491/1597/1615 1492/1721/1602 1501/1587/1605
f 942/1045/1063 943/1826/1062 968/1058/1076 1502/1604/1622
f 941/1042/1060 942/1045/1063 1502/1604/1622 958/1054/1072
f 1502/1604/1622 968/1058/1076 955/1076/1094 954/1075/1093
f 958/1054/1072 1502/1604/1622 954/1075/1093 953/1072/1090
g default
v 2.010516 1.532823 2.237405
v 2.363843 1.535558 2.237405
v 2.010516 1.652999 2.237405
v 2.010516 1.652999 -1.188377
v 2.010516 1.532823 -1.188377
v 2.363843 1.535558 -1.188377
v 2.367028 1.596074 2.237405
v 2.338120 1.635685 2.237405
v 2.291544 1.651024 2.237405
v 2.367430 1.547039 2.237405
v 2.367430 1.547039 -1.188377
v 2.291544 1.651024 -1.188377
v 2.338120 1.635685 -1.188377
v 2.367028 1.596074 -1.188377
vt 0.653115 0.067642
vt 0.988644 0.138666
vt 0.997862 0.034457
vt 0.996263 0.125172
vt 0.652861 0.108367
vt 0.960896 0.112901
vt 0.997535 0.072777
vt 0.651089 0.013841
vt 0.960494 0.114026
vt 0.653583 0.019644
vt 0.993242 0.137113
vt 0.997909 0.029504
vt 0.996417 0.133269
vt 0.997620 0.024555
vt 0.651072 0.039200
vt 0.997781 0.039230
vt 0.961407 0.139864
vt 0.995761 0.067340
vt 0.652866 0.024534
vt 0.997103 0.128479
vt 0.652573 0.029474
vt 0.652596 0.034428
vt 0.996713 0.127320
vt 0.959958 0.127307
vt 0.650959 0.001755
vt 0.996872 0.019648
vt 0.960155 0.118832
vt 0.962853 0.122836
vt 0.967587 0.124466
vt 0.652857 0.072817
vt 0.995768 0.001779
vt 0.995902 0.112899
vt 0.995636 0.013875
vt 0.997539 0.108328
vt 0.996873 0.018433
vt 0.653587 0.018429
vn 0.007028 0.999975 0.000000
vn 0.052776 0.998606 0.000000
vn 0.052776 0.998606 0.000000
vn 0.007028 0.999975 0.000000
vn 0.007741 -0.999970 0.000000
vn 0.007741 -0.999970 0.000000
vn 0.007741 -0.999970 0.000000
vn 0.007741 -0.999970 0.000000
vn 0.954486 -0.298256 0.000000
vn 0.954486 -0.298256 0.000000
vn 0.998618 -0.052553 0.000000
vn 0.998618 -0.052553 0.000000
vn -1.000000 0.000000 0.000000
vn -1.000000 0.000000 0.000000
vn -1.000000 0.000000 0.000000
vn -1.000000 0.000000 0.000000
vn 0.312802 0.949818 0.000000
vn 0.312802 0.949818 0.000000
vn 0.807768 0.589500 0.000000
vn 0.807768 0.589500 0.000000
vn 0.807768 0.589500 0.000000
vn 0.807768 0.589500 0.000000
vn 0.999966 0.008215 0.000000
vn 0.999966 0.008215 0.000000
vn 0.000000 0.000000 1.000000
vn 0.000000 0.000000 1.000000
vn 0.000000 0.000000 1.000000
vn 0.000000 0.000000 1.000000
vn 0.000000 0.000000 1.000000
vn 0.000000 0.000000 1.000000
vn 0.000000 0.000000 1.000000
vn -0.000000 0.000000 -1.000000
vn -0.000000 0.000000 -1.000000
vn -0.000000 0.000000 -1.000000
vn -0.000000 0.000000 -1.000000
vn -0.000000 0.000000 -1.000000
vn -0.000000 0.000000 -1.000000
vn -0.000000 0.000000 -1.000000
s 1
g FinalObjects pCube12 Bench
usemtl standardSurface5SG
f 1505/1895/1623 1511/1909/1624 1514/1910/1625 1506/1912/1626
s off
f 1507/1899/1627 1508/1924/1628 1504/1901/1629 1503/1928/1630
s 2
f 1504/1930/1631 1508/1929/1632 1513/1920/1633 1512/1904/1634
s off
f 1507/1927/1635 1503/1902/1636 1505/1919/1637 1506/1925/1638
s 1
f 1511/1916/1624 1510/1915/1639 1515/1906/1640 1514/1897/1625
s off
f 1510/1915/1641 1509/1913/1642 1516/1908/1643 1515/1906/1644
s 2
f 1509/1913/1645 1512/1904/1634 1513/1920/1633 1516/1908/1646
s off
f 1509/1907/1647 1510/1905/1648 1511/1896/1649 1505/1911/1650 1503/1918/1651 1504/1917/1652 1512/1914/1653
f 1513/1903/1654 1508/1900/1655 1507/1926/1656 1506/1898/1657 1514/1923/1658 1515/1922/1659 1516/1921/1660
g default
v 1.557669 1.532823 2.237405
v 1.928920 1.532823 2.237405
v 1.557669 1.652999 2.237405
v 1.928920 1.652999 2.237405
v 1.557669 1.652999 -1.188377
v 1.928920 1.652999 -1.188377
v 1.557669 1.532823 -1.188377
v 1.928920 1.532823 -1.188377
vt 0.995702 0.001740
vt 0.652856 0.109224
vt 0.651025 0.013856
vt 0.652859 0.109245
vt 0.995703 0.013865
vt 0.958890 0.142739
vt 0.995703 0.001774
vt 0.997540 0.071920
vt 0.652859 0.071892
vt 0.997537 0.071900
vt 0.958891 0.154831
vt 0.997536 0.109252
vt 0.996244 0.154828
vt 0.651025 0.001764
vt 0.996243 0.142737
vt 0.996244 0.154828
vt 0.996243 0.142736
vt 0.958890 0.142739
vt 0.995704 0.013831
vt 0.997534 0.109273
vt 0.958891 0.154830
vt 0.652862 0.071872
vt 0.651024 0.001799
vt 0.651026 0.013890
vn 0.000000 0.000000 1.000000
vn 0.000000 0.000000 1.000000
vn 0.000000 0.000000 1.000000
vn 0.000000 0.000000 1.000000
vn 0.000000 1.000000 0.000000
vn 0.000000 1.000000 0.000000
vn 0.000000 1.000000 0.000000
vn 0.000000 1.000000 0.000000
vn 0.000000 0.000000 -1.000000
vn 0.000000 0.000000 -1.000000
vn 0.000000 0.000000 -1.000000
vn 0.000000 0.000000 -1.000000
vn 0.000000 -1.000000 0.000000
vn 0.000000 -1.000000 0.000000
vn 0.000000 -1.000000 0.000000
vn 0.000000 -1.000000 0.000000
vn 1.000000 0.000000 0.000000
vn 1.000000 0.000000 0.000000
vn 1.000000 0.000000 0.000000
vn 1.000000 0.000000 0.000000
vn -1.000000 0.000000 0.000000
vn -1.000000 0.000000 0.000000
vn -1.000000 0.000000 0.000000
vn -1.000000 0.000000 0.000000
s off
g FinalObjects Bench pCube11
usemtl standardSurface5SG
f 1517/1948/1661 1518/1947/1662 1520/1946/1663 1519/1941/1664
f 1519/1934/1665 1520/1939/1666 1522/1940/1667 1521/1942/1668
f 1521/1936/1669 1522/1945/1670 1524/1943/1671 1523/1951/1672
f 1523/1938/1673 1524/1950/1674 1518/1932/1675 1517/1952/1676
f 1518/1944/1677 1524/1937/1678 1522/1935/1679 1520/1933/1680
f 1523/1953/1681 1517/1931/1682 1519/1949/1683 1521/1954/1684
g default
v 1.115745 1.532823 2.237405
v 1.486996 1.532823 2.237405
v 1.115745 1.652999 2.237405
v 1.486996 1.652999 2.237405
v 1.115745 1.652999 -1.188377
v 1.486996 1.652999 -1.188377
v 1.115745 1.532823 -1.188377
v 1.486996 1.532823 -1.188377
vt 0.995702 0.001738
vt 0.652858 0.109243
vt 0.651025 0.013864
vt 0.652861 0.109266
vt 0.995703 0.013857
vt 0.958890 0.142740
vt 0.995703 0.001765
vt 0.997538 0.071901
vt 0.652857 0.071913
vt 0.997535 0.071879
vt 0.958891 0.154829
vt 0.997539 0.109232
vt 0.996244 0.154827
vt 0.651025 0.001773
vt 0.996243 0.142736
vt 0.996244 0.154829
vt 0.996243 0.142738
vt 0.958891 0.142738
vt 0.995704 0.013829
vt 0.997537 0.109254
vt 0.651026 0.013891
vt 0.958891 0.154831
vt 0.651024 0.001800
vt 0.652860 0.071891
vn 0.000000 0.000000 1.000000
vn 0.000000 0.000000 1.000000
vn 0.000000 0.000000 1.000000
vn 0.000000 0.000000 1.000000
vn 0.000000 1.000000 0.000000
vn 0.000000 1.000000 0.000000
vn 0.000000 1.000000 0.000000
vn 0.000000 1.000000 0.000000
vn 0.000000 0.000000 -1.000000
vn 0.000000 0.000000 -1.000000
vn 0.000000 0.000000 -1.000000
vn 0.000000 0.000000 -1.000000
vn 0.000000 -1.000000 0.000000
vn 0.000000 -1.000000 0.000000
vn 0.000000 -1.000000 0.000000
vn 0.000000 -1.000000 0.000000
vn 1.000000 0.000000 0.000000
vn 1.000000 0.000000 0.000000
vn 1.000000 0.000000 0.000000
vn 1.000000 0.000000 0.000000
vn -1.000000 0.000000 0.000000
vn -1.000000 0.000000 0.000000
vn -1.000000 0.000000 0.000000
vn -1.000000 0.000000 0.000000
s off
g FinalObjects Bench pCube10
usemtl standardSurface5SG
f 1525/1972/1685 1526/1971/1686 1528/1970/1687 1527/1965/1688
f 1527/1958/1689 1528/1963/1690 1530/1964/1691 1529/1966/1692
f 1529/1960/1693 1530/1969/1694 1532/1967/1695 1531/1976/1696
f 1531/1962/1697 1532/1974/1698 1526/1956/1699 1525/1978/1700
f 1526/1968/1701 1532/1961/1702 1530/1959/1703 1528/1957/1704
f 1531/1977/1705 1525/1955/1706 1527/1973/1707 1529/1975/1708
g default
v 0.971254 2.249648 2.237405
v 1.030857 1.835452 2.237405
v 0.862229 2.199091 2.237405
v 1.030857 1.835452 -1.188377
v 0.862229 2.199091 -1.188377
v 0.971254 2.249648 -1.188377
v 1.084730 1.876405 2.237405
v 1.103989 1.928970 2.237405
v 1.094385 1.984122 2.237405
v 1.041769 1.840513 2.237405
v 1.103989 1.928970 -1.188377
v 1.084730 1.876405 -1.188377
v 1.041769 1.840513 -1.188377
v 1.094385 1.984122 -1.188377
vt 0.997584 0.035529
vt 0.651024 0.013839
vt 0.995702 0.013882
vt 0.958043 0.112994
vt 0.987813 0.139632
vt 0.652909 0.017356
vt 0.996768 0.068121
vt 0.958365 0.139630
vt 0.958044 0.114204
vt 0.997584 0.034319
vt 0.993254 0.138175
vt 0.652908 0.022989
vt 0.997237 0.134193
vt 0.652907 0.028621
vt 0.652086 0.038721
vt 0.996764 0.038673
vt 0.995703 0.001791
vt 0.652090 0.068169
vt 0.997585 0.028686
vt 0.998695 0.128752
vt 0.997586 0.023054
vt 0.997588 0.017421
vt 0.998696 0.127542
vt 0.651025 0.001747
vt 0.958367 0.127539
vt 0.998374 0.125079
vt 0.652861 0.110748
vt 0.997538 0.110726
vt 0.998372 0.112987
vt 0.997535 0.070396
vt 0.652858 0.070419
vt 0.652905 0.034254
vt 0.959502 0.119644
vt 0.963485 0.123626
vt 0.968926 0.125083
vt 0.652905 0.035464
vn -0.907204 -0.420691 0.000000
vn -0.907204 -0.420691 0.000000
vn -0.907204 -0.420691 0.000000
vn -0.907204 -0.420691 0.000000
vn 0.923976 0.382451 0.000000
vn 0.923976 0.382451 0.000000
vn 0.907204 0.420691 0.000000
vn 0.907204 0.420691 0.000000
vn -0.420691 0.907204 0.000000
vn -0.420691 0.907204 0.000000
vn -0.420691 0.907204 0.000000
vn -0.420691 0.907204 0.000000
vn 0.605178 -0.796090 0.000000
vn 0.605178 -0.796090 0.000000
vn 0.420713 -0.907194 0.000000
vn 0.420713 -0.907194 0.000000
vn 0.985174 0.171558 0.000000
vn 0.985174 0.171558 0.000000
vn 0.938963 -0.344018 0.000000
vn 0.817931 -0.575317 0.000000
vn 0.817931 -0.575317 0.000000
vn 0.938963 -0.344018 0.000000
vn 0.000000 0.000000 1.000000
vn 0.000000 0.000000 1.000000
vn 0.000000 0.000000 1.000000
vn 0.000000 0.000000 1.000000
vn 0.000000 0.000000 1.000000
vn 0.000000 0.000000 1.000000
vn 0.000000 0.000000 1.000000
vn 0.000000 0.000000 -1.000000
vn 0.000000 0.000000 -1.000000
vn 0.000000 0.000000 -1.000000
vn 0.000000 0.000000 -1.000000
vn 0.000000 0.000000 -1.000000
vn 0.000000 0.000000 -1.000000
vn 0.000000 0.000000 -1.000000
s off
g FinalObjects Bench pCube9
usemtl standardSurface5SG
f 1534/2008/1709 1535/2006/1710 1537/2005/1711 1536/2009/1712
s 1
f 1541/1993/1713 1546/1994/1714 1538/1985/1715 1533/1996/1716
s off
f 1533/2002/1717 1538/1995/1718 1537/1981/1719 1535/1980/1720
s 2
f 1545/2010/1721 1542/1988/1722 1534/1979/1723 1536/2014/1724
s 1
f 1541/2000/1713 1540/1999/1725 1543/1990/1726 1546/1984/1714
s 2
f 1540/1999/1727 1539/1997/1728 1544/1992/1729 1543/1990/1730
f 1539/1997/1728 1542/1988/1722 1545/2010/1721 1544/1992/1729
s off
f 1539/1991/1731 1540/1989/1732 1541/1983/1733 1533/1986/1734 1535/2003/1735 1534/2001/1736 1542/1998/1737
f 1543/2012/1738 1544/2011/1739 1545/1987/1740 1536/1982/1741 1537/2007/1742 1538/2004/1743 1546/2013/1744
g default
v 0.952904 2.289218 2.237405
v 0.784276 2.652857 2.237405
v 0.843880 2.238661 2.237405
v 0.675252 2.602300 2.237405
v 0.843880 2.238661 -1.188377
v 0.675252 2.602300 -1.188377
v 0.952904 2.289218 -1.188377
v 0.784276 2.652857 -1.188377
vt 0.995703 0.001775
vt 0.652863 0.110769
vt 0.651024 0.013833
vt 0.652860 0.110744
vt 0.995702 0.013888
vt 0.997732 0.154828
vt 0.995704 0.001797
vt 0.997533 0.070376
vt 0.957402 0.142739
vt 0.957403 0.154830
vt 0.997538 0.110730
vt 0.997733 0.142740
vt 0.997541 0.110705
vt 0.997731 0.142737
vt 0.652855 0.070439
vt 0.651026 0.001764
vt 0.957403 0.142735
vt 0.651025 0.013855
vt 0.995702 0.013866
vt 0.652858 0.070415
vt 0.997536 0.070400
vt 0.957402 0.154827
vt 0.651026 0.001742
vt 0.997731 0.154832
vn 0.000000 0.000000 1.000000
vn 0.000000 0.000000 1.000000
vn 0.000000 0.000000 1.000000
vn 0.000000 0.000000 1.000000
vn -0.907204 -0.420692 0.000000
vn -0.907204 -0.420692 0.000000
vn -0.907204 -0.420692 0.000000
vn -0.907204 -0.420692 0.000000
vn 0.000000 0.000000 -1.000000
vn 0.000000 0.000000 -1.000000
vn 0.000000 0.000000 -1.000000
vn 0.000000 0.000000 -1.000000
vn 0.907204 0.420692 0.000000
vn 0.907204 0.420692 0.000000
vn 0.907204 0.420692 0.000000
vn 0.907204 0.420692 0.000000
vn -0.420691 0.907204 0.000000
vn -0.420691 0.907204 0.000000
vn -0.420691 0.907204 0.000000
vn -0.420691 0.907204 0.000000
vn 0.420691 -0.907204 0.000000
vn 0.420691 -0.907204 0.000000
vn 0.420691 -0.907204 0.000000
vn 0.420691 -0.907204 0.000000
s off
g FinalObjects Bench pCube8
usemtl standardSurface5SG
f 1547/2031/1745 1548/2026/1746 1550/2038/1747 1549/2036/1748
f 1549/2018/1749 1550/2034/1750 1552/2035/1751 1551/2025/1752
f 1551/2020/1753 1552/2024/1754 1554/2023/1755 1553/2028/1756
f 1553/2022/1757 1554/2027/1758 1548/2016/1759 1547/2029/1760
f 1548/2037/1761 1554/2021/1762 1552/2019/1763 1550/2017/1764
f 1553/2030/1765 1547/2015/1766 1549/2033/1767 1551/2032/1768
g default
v 0.768132 2.687672 2.237405
v 0.659107 2.637115 2.237405
v 0.490485 3.000756 2.237405
v 0.659107 2.637115 -1.188377
v 0.490485 3.000756 -1.188377
v 0.768132 2.687672 -1.188377
v 0.582381 3.004576 2.237405
v 0.650056 2.942298 2.237405
v 0.582381 3.004576 -1.188377
v 0.650056 2.942298 -1.188377
vt 0.652856 0.110713
vt 0.958044 0.112989
vt 0.997579 0.035725
vt 0.958367 0.127538
vt 0.996767 0.039316
vt 0.986605 0.139633
vt 0.652904 0.017161
vt 0.995701 0.001766
vt 0.961585 0.121538
vt 0.997580 0.026471
vt 0.996764 0.067555
vt 0.652087 0.067527
vt 0.958365 0.139630
vt 0.652089 0.039288
vt 0.652903 0.026414
vt 0.970134 0.125080
vt 0.652862 0.070384
vt 0.998373 0.125082
vt 0.998373 0.112991
vt 0.652901 0.035668
vt 0.997540 0.070432
vt 0.995702 0.013857
vt 0.997534 0.110761
vt 0.651026 0.001772
vt 0.651026 0.013864
vt 0.997582 0.017218
vt 0.995154 0.136093
vt 0.998696 0.127543
vn -0.907210 -0.420678 0.000000
vn -0.907210 -0.420678 0.000000
vn -0.907210 -0.420678 0.000000
vn -0.907210 -0.420678 0.000000
vn 0.907204 0.420692 0.000000
vn 0.862722 0.505679 0.000000
vn 0.862722 0.505679 0.000000
vn 0.907204 0.420692 0.000000
vn 0.420691 -0.907204 0.000000
vn 0.420691 -0.907204 0.000000
vn 0.420691 -0.907204 0.000000
vn 0.420691 -0.907204 0.000000
vn -0.041527 0.999137 0.000000
vn -0.041527 0.999137 0.000000
vn -0.041527 0.999137 0.000000
vn -0.041527 0.999137 0.000000
vn 0.677156 0.735839 0.000000
vn 0.677156 0.735839 0.000000
vn -0.000000 0.000000 1.000000
vn -0.000000 0.000000 1.000000
vn -0.000000 0.000000 1.000000
vn -0.000000 0.000000 1.000000
vn -0.000000 0.000000 1.000000
vn 0.000000 0.000000 -1.000000
vn 0.000000 0.000000 -1.000000
vn 0.000000 0.000000 -1.000000
vn 0.000000 0.000000 -1.000000
vn 0.000000 0.000000 -1.000000
s off
g FinalObjects Bench pCube7
usemtl standardSurface5SG
f 1556/2039/1769 1557/2055/1770 1559/2059/1771 1558/2061/1772
s 1
f 1560/2043/1773 1564/2049/1774 1562/2050/1775 1555/2052/1776
s off
f 1560/2062/1777 1555/2046/1778 1556/2060/1779 1558/2063/1780
f 1557/2058/1781 1561/2053/1782 1563/2048/1783 1559/2041/1784
s 1
f 1561/2053/1785 1562/2045/1775 1564/2064/1774 1563/2048/1786
s off
f 1561/2047/1787 1557/2040/1788 1556/2057/1789 1555/2056/1790 1562/2054/1791
f 1563/2065/1792 1564/2044/1793 1560/2051/1794 1558/2042/1795 1559/2066/1796
